-- phpMyAdmin SQL Dump
-- version 3.5.1
-- http://www.phpmyadmin.net
--
-- Host: localhost
-- Generation Time: Jan 03, 2013 at 05:40 AM
-- Server version: 5.5.24-log
-- PHP Version: 5.4.3

SET SQL_MODE="NO_AUTO_VALUE_ON_ZERO";
SET time_zone = "+00:00";


/*!40101 SET @OLD_CHARACTER_SET_CLIENT=@@CHARACTER_SET_CLIENT */;
/*!40101 SET @OLD_CHARACTER_SET_RESULTS=@@CHARACTER_SET_RESULTS */;
/*!40101 SET @OLD_COLLATION_CONNECTION=@@COLLATION_CONNECTION */;
/*!40101 SET NAMES utf8 */;

--
-- Database: `os_schema_data`
--

--
-- Dumping data for table `authassignment`
--

INSERT INTO `authassignment` (`itemname`, `userid`, `bizrule`, `data`) VALUES
('Admin', '1', NULL, 'N;');

--
-- Dumping data for table `authitem`
--

INSERT INTO `authitem` (`name`, `type`, `description`, `bizrule`, `data`) VALUES
('Accounting.*', 1, NULL, NULL, 'N;'),
('Accounting.Add', 0, NULL, NULL, 'N;'),
('Accounting.Admin', 0, NULL, NULL, 'N;'),
('Accounting.Assesments', 0, NULL, NULL, 'N;'),
('Accounting.Attentance', 0, NULL, NULL, 'N;'),
('Accounting.Batch', 0, NULL, NULL, 'N;'),
('Accounting.Create', 0, NULL, NULL, 'N;'),
('Accounting.Delete', 0, NULL, NULL, 'N;'),
('Accounting.Events', 0, NULL, NULL, 'N;'),
('Accounting.Index', 0, NULL, NULL, 'N;'),
('Accounting.Manage', 0, NULL, NULL, 'N;'),
('Accounting.Savesearch', 0, NULL, NULL, 'N;'),
('Accounting.Update', 0, NULL, NULL, 'N;'),
('Accounting.View', 0, NULL, NULL, 'N;'),
('Accounting.Website', 0, NULL, NULL, 'N;'),
('Admin', 2, NULL, NULL, 'N;'),
('Assesments.*', 1, NULL, NULL, 'N;'),
('Assesments.Add', 0, NULL, NULL, 'N;'),
('Assesments.Admin', 0, NULL, NULL, 'N;'),
('Assesments.Assesments', 0, NULL, NULL, 'N;'),
('Assesments.Attentance', 0, NULL, NULL, 'N;'),
('Assesments.Batch', 0, NULL, NULL, 'N;'),
('Assesments.Create', 0, NULL, NULL, 'N;'),
('Assesments.Delete', 0, NULL, NULL, 'N;'),
('Assesments.Events', 0, NULL, NULL, 'N;'),
('Assesments.Index', 0, NULL, NULL, 'N;'),
('Assesments.Manage', 0, NULL, NULL, 'N;'),
('Assesments.Savesearch', 0, NULL, NULL, 'N;'),
('Assesments.Update', 0, NULL, NULL, 'N;'),
('Assesments.View', 0, NULL, NULL, 'N;'),
('Assesments.Website', 0, NULL, NULL, 'N;'),
('Attendance.Default.*', 1, NULL, NULL, 'N;'),
('Attendance.Default.Index', 0, NULL, NULL, 'N;'),
('Attendances.*', 1, NULL, NULL, 'N;'),
('Attendances.Addnew', 0, NULL, NULL, 'N;'),
('Attendances.Attentance', 0, NULL, NULL, 'N;'),
('Attendances.Index', 0, NULL, NULL, 'N;'),
('Attendances.ReturnForm', 0, NULL, NULL, 'N;'),
('Attendances.ReturnView', 0, NULL, NULL, 'N;'),
('Authenticated', 2, NULL, NULL, 'N;'),
('Cal.Cron.*', 1, NULL, NULL, 'N;'),
('Cal.Cron.Index', 0, NULL, NULL, 'N;'),
('Cal.Main.*', 1, NULL, NULL, 'N;'),
('Cal.Main.Browse', 0, NULL, NULL, 'N;'),
('Cal.Main.CreateHelper', 0, NULL, NULL, 'N;'),
('Cal.Main.List', 0, NULL, NULL, 'N;'),
('Cal.Main.Move', 0, NULL, NULL, 'N;'),
('Cal.Main.RemoveHelper', 0, NULL, NULL, 'N;'),
('Cal.Main.Resize', 0, NULL, NULL, 'N;'),
('Cal.Main.Update', 0, NULL, NULL, 'N;'),
('Cal.Main.Userpreference', 0, NULL, NULL, 'N;'),
('CmsNode.*', 1, NULL, NULL, 'N;'),
('CmsNode.Admin', 0, NULL, NULL, 'N;'),
('CmsNode.Create', 0, NULL, NULL, 'N;'),
('CmsNode.Delete', 0, NULL, NULL, 'N;'),
('CmsNode.Index', 0, NULL, NULL, 'N;'),
('CmsNode.Update', 0, NULL, NULL, 'N;'),
('CmsNode.View', 0, NULL, NULL, 'N;'),
('Configurations.*', 1, NULL, NULL, 'N;'),
('Configurations.Admin', 0, NULL, NULL, 'N;'),
('Configurations.Create', 0, NULL, NULL, 'N;'),
('Configurations.Delete', 0, NULL, NULL, 'N;'),
('Configurations.DisplaySavedImage', 0, NULL, NULL, 'N;'),
('Configurations.Index', 0, NULL, NULL, 'N;'),
('Configurations.Remove', 0, NULL, NULL, 'N;'),
('Configurations.Setup', 0, NULL, NULL, 'N;'),
('Configurations.Update', 0, NULL, NULL, 'N;'),
('Configurations.View', 0, NULL, NULL, 'N;'),
('Countries.*', 1, NULL, NULL, 'N;'),
('Countries.Admin', 0, NULL, NULL, 'N;'),
('Countries.Create', 0, NULL, NULL, 'N;'),
('Countries.Delete', 0, NULL, NULL, 'N;'),
('Countries.Index', 0, NULL, NULL, 'N;'),
('Countries.Update', 0, NULL, NULL, 'N;'),
('Countries.View', 0, NULL, NULL, 'N;'),
('Courses.*', 1, NULL, NULL, 'N;'),
('Courses.Admin', 0, NULL, NULL, 'N;'),
('Courses.Batches.*', 1, NULL, NULL, 'N;'),
('Courses.Batches.Activate', 0, NULL, NULL, 'N;'),
('Courses.Batches.Addnew', 0, NULL, NULL, 'N;'),
('Courses.Batches.Addupdate', 0, NULL, NULL, 'N;'),
('Courses.Batches.Admin', 0, NULL, NULL, 'N;'),
('Courses.Batches.Batchstudents', 0, NULL, NULL, 'N;'),
('Courses.Batches.Create', 0, NULL, NULL, 'N;'),
('Courses.Batches.Deactivate', 0, NULL, NULL, 'N;'),
('Courses.Batches.Delete', 0, NULL, NULL, 'N;'),
('Courses.Batches.Index', 0, NULL, NULL, 'N;'),
('Courses.Batches.Manage', 0, NULL, NULL, 'N;'),
('Courses.Batches.Promote', 0, NULL, NULL, 'N;'),
('Courses.Batches.Remove', 0, NULL, NULL, 'N;'),
('Courses.Batches.Settings', 0, NULL, NULL, 'N;'),
('Courses.Batches.Update', 0, NULL, NULL, 'N;'),
('Courses.Batches.View', 0, NULL, NULL, 'N;'),
('Courses.ClassTiming.*', 1, NULL, NULL, 'N;'),
('Courses.ClassTiming.Index', 0, NULL, NULL, 'N;'),
('Courses.ClassTiming.ReturnForm', 0, NULL, NULL, 'N;'),
('Courses.ClassTiming.ReturnView', 0, NULL, NULL, 'N;'),
('Courses.ClassTimings.*', 1, NULL, NULL, 'N;'),
('Courses.ClassTimings.Addnew', 0, NULL, NULL, 'N;'),
('Courses.ClassTimings.Admin', 0, NULL, NULL, 'N;'),
('Courses.ClassTimings.Create', 0, NULL, NULL, 'N;'),
('Courses.ClassTimings.Delete', 0, NULL, NULL, 'N;'),
('Courses.ClassTimings.Edit', 0, NULL, NULL, 'N;'),
('Courses.ClassTimings.Index', 0, NULL, NULL, 'N;'),
('Courses.ClassTimings.Update', 0, NULL, NULL, 'N;'),
('Courses.ClassTimings.View', 0, NULL, NULL, 'N;'),
('Courses.Courses.*', 1, NULL, NULL, 'N;'),
('Courses.Courses.Admin', 0, NULL, NULL, 'N;'),
('Courses.Courses.Create', 0, NULL, NULL, 'N;'),
('Courses.Courses.Deactivate', 0, NULL, NULL, 'N;'),
('Courses.Courses.Delete', 0, NULL, NULL, 'N;'),
('Courses.Courses.Edit', 0, NULL, NULL, 'N;'),
('Courses.Courses.Index', 0, NULL, NULL, 'N;'),
('Courses.Courses.Managecourse', 0, NULL, NULL, 'N;'),
('Courses.Courses.ReqTest01', 0, NULL, NULL, 'N;'),
('Courses.Courses.Update', 0, NULL, NULL, 'N;'),
('Courses.Courses.View', 0, NULL, NULL, 'N;'),
('Courses.Create', 0, NULL, NULL, 'N;'),
('Courses.Default.*', 1, NULL, NULL, 'N;'),
('Courses.Default.Index', 0, NULL, NULL, 'N;'),
('Courses.Defaultsubjects.*', 1, NULL, NULL, 'N;'),
('Courses.Defaultsubjects.Index', 0, NULL, NULL, 'N;'),
('Courses.Defaultsubjects.ReturnForm', 0, NULL, NULL, 'N;'),
('Courses.Defaultsubjects.ReturnView', 0, NULL, NULL, 'N;'),
('Courses.Delete', 0, NULL, NULL, 'N;'),
('Courses.Edit', 0, NULL, NULL, 'N;'),
('Courses.ElectiveGroups.*', 1, NULL, NULL, 'N;'),
('Courses.ElectiveGroups.Admin', 0, NULL, NULL, 'N;'),
('Courses.ElectiveGroups.Create', 0, NULL, NULL, 'N;'),
('Courses.ElectiveGroups.Delete', 0, NULL, NULL, 'N;'),
('Courses.ElectiveGroups.Index', 0, NULL, NULL, 'N;'),
('Courses.ElectiveGroups.Update', 0, NULL, NULL, 'N;'),
('Courses.ElectiveGroups.View', 0, NULL, NULL, 'N;'),
('Courses.Electives.*', 1, NULL, NULL, 'N;'),
('Courses.Electives.Admin', 0, NULL, NULL, 'N;'),
('Courses.Electives.Create', 0, NULL, NULL, 'N;'),
('Courses.Electives.Delete', 0, NULL, NULL, 'N;'),
('Courses.Electives.Index', 0, NULL, NULL, 'N;'),
('Courses.Electives.Update', 0, NULL, NULL, 'N;'),
('Courses.Electives.View', 0, NULL, NULL, 'N;'),
('Courses.Exam.*', 1, NULL, NULL, 'N;'),
('Courses.Exam.Index', 0, NULL, NULL, 'N;'),
('Courses.Exam.ReturnForm', 0, NULL, NULL, 'N;'),
('Courses.Exam.ReturnView', 0, NULL, NULL, 'N;'),
('Courses.ExamGroups.*', 1, NULL, NULL, 'N;'),
('Courses.ExamGroups.Admin', 0, NULL, NULL, 'N;'),
('Courses.ExamGroups.Create', 0, NULL, NULL, 'N;'),
('Courses.ExamGroups.Delete', 0, NULL, NULL, 'N;'),
('Courses.ExamGroups.Deletenew', 0, NULL, NULL, 'N;'),
('Courses.ExamGroups.Index', 0, NULL, NULL, 'N;'),
('Courses.ExamGroups.Manage', 0, NULL, NULL, 'N;'),
('Courses.ExamGroups.Update', 0, NULL, NULL, 'N;'),
('Courses.ExamGroups.View', 0, NULL, NULL, 'N;'),
('Courses.Exams.*', 1, NULL, NULL, 'N;'),
('Courses.Exams.Admin', 0, NULL, NULL, 'N;'),
('Courses.Exams.Create', 0, NULL, NULL, 'N;'),
('Courses.Exams.Delete', 0, NULL, NULL, 'N;'),
('Courses.Exams.Index', 0, NULL, NULL, 'N;'),
('Courses.Exams.Manage', 0, NULL, NULL, 'N;'),
('Courses.Exams.Update', 0, NULL, NULL, 'N;'),
('Courses.Exams.View', 0, NULL, NULL, 'N;'),
('Courses.ExamScores.*', 1, NULL, NULL, 'N;'),
('Courses.ExamScores.Admin', 0, NULL, NULL, 'N;'),
('Courses.ExamScores.Create', 0, NULL, NULL, 'N;'),
('Courses.ExamScores.Delete', 0, NULL, NULL, 'N;'),
('Courses.ExamScores.Deleteall', 0, NULL, NULL, 'N;'),
('Courses.ExamScores.Index', 0, NULL, NULL, 'N;'),
('Courses.ExamScores.Pdf', 0, NULL, NULL, 'N;'),
('Courses.ExamScores.Update', 0, NULL, NULL, 'N;'),
('Courses.ExamScores.View', 0, NULL, NULL, 'N;'),
('Courses.GradingLevels.*', 1, NULL, NULL, 'N;'),
('Courses.GradingLevels.Default', 0, NULL, NULL, 'N;'),
('Courses.GradingLevels.Index', 0, NULL, NULL, 'N;'),
('Courses.GradingLevels.ReturnForm', 0, NULL, NULL, 'N;'),
('Courses.GradingLevels.ReturnView', 0, NULL, NULL, 'N;'),
('Courses.Index', 0, NULL, NULL, 'N;'),
('Courses.Managecourse', 0, NULL, NULL, 'N;'),
('Courses.ReqTest01', 0, NULL, NULL, 'N;'),
('Courses.StudentAttentance.*', 1, NULL, NULL, 'N;'),
('Courses.StudentAttentance.Addnew', 0, NULL, NULL, 'N;'),
('Courses.StudentAttentance.Admin', 0, NULL, NULL, 'N;'),
('Courses.StudentAttentance.Attentancepdf', 0, NULL, NULL, 'N;'),
('Courses.StudentAttentance.Attentstud', 0, NULL, NULL, 'N;'),
('Courses.StudentAttentance.Create', 0, NULL, NULL, 'N;'),
('Courses.StudentAttentance.Delete', 0, NULL, NULL, 'N;'),
('Courses.StudentAttentance.Index', 0, NULL, NULL, 'N;'),
('Courses.StudentAttentance.Pdf', 0, NULL, NULL, 'N;'),
('Courses.StudentAttentance.Pdf1', 0, NULL, NULL, 'N;'),
('Courses.StudentAttentance.Studentattendancepdf', 0, NULL, NULL, 'N;'),
('Courses.StudentAttentance.Update', 0, NULL, NULL, 'N;'),
('Courses.StudentAttentance.View', 0, NULL, NULL, 'N;'),
('Courses.StudentAttentanceC.*', 1, NULL, NULL, 'N;'),
('Courses.StudentAttentanceC.Addnew', 0, NULL, NULL, 'N;'),
('Courses.StudentAttentanceC.Admin', 0, NULL, NULL, 'N;'),
('Courses.StudentAttentanceC.Attentancepdf', 0, NULL, NULL, 'N;'),
('Courses.StudentAttentanceC.Attentstud', 0, NULL, NULL, 'N;'),
('Courses.StudentAttentanceC.Create', 0, NULL, NULL, 'N;'),
('Courses.StudentAttentanceC.Delete', 0, NULL, NULL, 'N;'),
('Courses.StudentAttentanceC.Index', 0, NULL, NULL, 'N;'),
('Courses.StudentAttentanceC.Pdf', 0, NULL, NULL, 'N;'),
('Courses.StudentAttentanceC.Pdf1', 0, NULL, NULL, 'N;'),
('Courses.StudentAttentanceC.Update', 0, NULL, NULL, 'N;'),
('Courses.StudentAttentanceC.View', 0, NULL, NULL, 'N;'),
('Courses.Subject.*', 1, NULL, NULL, 'N;'),
('Courses.Subject.Index', 0, NULL, NULL, 'N;'),
('Courses.Subject.ReturnForm', 0, NULL, NULL, 'N;'),
('Courses.Subject.ReturnView', 0, NULL, NULL, 'N;'),
('Courses.SubjectName.*', 1, NULL, NULL, 'N;'),
('Courses.SubjectName.Admin', 0, NULL, NULL, 'N;'),
('Courses.SubjectName.Create', 0, NULL, NULL, 'N;'),
('Courses.SubjectName.Delete', 0, NULL, NULL, 'N;'),
('Courses.SubjectName.Index', 0, NULL, NULL, 'N;'),
('Courses.SubjectName.Update', 0, NULL, NULL, 'N;'),
('Courses.SubjectName.View', 0, NULL, NULL, 'N;'),
('Courses.SubjectNameAjax.*', 1, NULL, NULL, 'N;'),
('Courses.SubjectNameAjax.Index', 0, NULL, NULL, 'N;'),
('Courses.SubjectNameAjax.ReturnForm', 0, NULL, NULL, 'N;'),
('Courses.SubjectNameAjax.ReturnView', 0, NULL, NULL, 'N;'),
('Courses.Subjects.*', 1, NULL, NULL, 'N;'),
('Courses.Subjects.Addnew', 0, NULL, NULL, 'N;'),
('Courses.Subjects.Addnew1', 0, NULL, NULL, 'N;'),
('Courses.Subjects.Admin', 0, NULL, NULL, 'N;'),
('Courses.Subjects.Create', 0, NULL, NULL, 'N;'),
('Courses.Subjects.Delete', 0, NULL, NULL, 'N;'),
('Courses.Subjects.Index', 0, NULL, NULL, 'N;'),
('Courses.Subjects.Subjects', 0, NULL, NULL, 'N;'),
('Courses.Subjects.Update', 0, NULL, NULL, 'N;'),
('Courses.Subjects.View', 0, NULL, NULL, 'N;'),
('Courses.TimetableEntries.*', 1, NULL, NULL, 'N;'),
('Courses.TimetableEntries.Admin', 0, NULL, NULL, 'N;'),
('Courses.TimetableEntries.Create', 0, NULL, NULL, 'N;'),
('Courses.TimetableEntries.Delete', 0, NULL, NULL, 'N;'),
('Courses.TimetableEntries.Dynamiccities', 0, NULL, NULL, 'N;'),
('Courses.TimetableEntries.Index', 0, NULL, NULL, 'N;'),
('Courses.TimetableEntries.Remove', 0, NULL, NULL, 'N;'),
('Courses.TimetableEntries.Settime', 0, NULL, NULL, 'N;'),
('Courses.TimetableEntries.Update', 0, NULL, NULL, 'N;'),
('Courses.TimetableEntries.View', 0, NULL, NULL, 'N;'),
('Courses.Update', 0, NULL, NULL, 'N;'),
('Courses.View', 0, NULL, NULL, 'N;'),
('Courses.Weekdays.*', 1, NULL, NULL, 'N;'),
('Courses.Weekdays.Addnew', 0, NULL, NULL, 'N;'),
('Courses.Weekdays.Admin', 0, NULL, NULL, 'N;'),
('Courses.Weekdays.Batch', 0, NULL, NULL, 'N;'),
('Courses.Weekdays.Create', 0, NULL, NULL, 'N;'),
('Courses.Weekdays.Delete', 0, NULL, NULL, 'N;'),
('Courses.Weekdays.Exportpdf', 0, NULL, NULL, 'N;'),
('Courses.Weekdays.Index', 0, NULL, NULL, 'N;'),
('Courses.Weekdays.Pdf', 0, NULL, NULL, 'N;'),
('Courses.Weekdays.Publish', 0, NULL, NULL, 'N;'),
('Courses.Weekdays.Timetable', 0, NULL, NULL, 'N;'),
('Courses.Weekdays.Update', 0, NULL, NULL, 'N;'),
('Courses.Weekdays.View', 0, NULL, NULL, 'N;'),
('Dashboard.Default.*', 1, NULL, NULL, 'N;'),
('Dashboard.Default.Calendar', 0, NULL, NULL, 'N;'),
('Dashboard.Default.Events', 0, NULL, NULL, 'N;'),
('Dashboard.Default.Index', 0, NULL, NULL, 'N;'),
('ElectiveGroups.*', 1, NULL, NULL, 'N;'),
('ElectiveGroups.Admin', 0, NULL, NULL, 'N;'),
('ElectiveGroups.Create', 0, NULL, NULL, 'N;'),
('ElectiveGroups.Delete', 0, NULL, NULL, 'N;'),
('ElectiveGroups.Index', 0, NULL, NULL, 'N;'),
('ElectiveGroups.Update', 0, NULL, NULL, 'N;'),
('ElectiveGroups.View', 0, NULL, NULL, 'N;'),
('Electives.*', 1, NULL, NULL, 'N;'),
('Electives.Admin', 0, NULL, NULL, 'N;'),
('Electives.Create', 0, NULL, NULL, 'N;'),
('Electives.Delete', 0, NULL, NULL, 'N;'),
('Electives.Index', 0, NULL, NULL, 'N;'),
('Electives.Update', 0, NULL, NULL, 'N;'),
('Electives.View', 0, NULL, NULL, 'N;'),
('Employees.Default.*', 1, NULL, NULL, 'N;'),
('Employees.Default.Index', 0, NULL, NULL, 'N;'),
('Employees.EmployeeAttendances.*', 1, NULL, NULL, 'N;'),
('Employees.EmployeeAttendances.Addnew', 0, NULL, NULL, 'N;'),
('Employees.EmployeeAttendances.Admin', 0, NULL, NULL, 'N;'),
('Employees.EmployeeAttendances.Create', 0, NULL, NULL, 'N;'),
('Employees.EmployeeAttendances.Delete', 0, NULL, NULL, 'N;'),
('Employees.EmployeeAttendances.Index', 0, NULL, NULL, 'N;'),
('Employees.EmployeeAttendances.Pdf', 0, NULL, NULL, 'N;'),
('Employees.EmployeeAttendances.Update', 0, NULL, NULL, 'N;'),
('Employees.EmployeeAttendances.View', 0, NULL, NULL, 'N;'),
('Employees.EmployeeCategories.*', 1, NULL, NULL, 'N;'),
('Employees.EmployeeCategories.Admin', 0, NULL, NULL, 'N;'),
('Employees.EmployeeCategories.Create', 0, NULL, NULL, 'N;'),
('Employees.EmployeeCategories.Delete', 0, NULL, NULL, 'N;'),
('Employees.EmployeeCategories.Index', 0, NULL, NULL, 'N;'),
('Employees.EmployeeCategories.Update', 0, NULL, NULL, 'N;'),
('Employees.EmployeeCategories.View', 0, NULL, NULL, 'N;'),
('Employees.EmployeeDepartments.*', 1, NULL, NULL, 'N;'),
('Employees.EmployeeDepartments.Admin', 0, NULL, NULL, 'N;'),
('Employees.EmployeeDepartments.Create', 0, NULL, NULL, 'N;'),
('Employees.EmployeeDepartments.Delete', 0, NULL, NULL, 'N;'),
('Employees.EmployeeDepartments.Index', 0, NULL, NULL, 'N;'),
('Employees.EmployeeDepartments.Update', 0, NULL, NULL, 'N;'),
('Employees.EmployeeDepartments.View', 0, NULL, NULL, 'N;'),
('Employees.EmployeeGrades.*', 1, NULL, NULL, 'N;'),
('Employees.EmployeeGrades.Admin', 0, NULL, NULL, 'N;'),
('Employees.EmployeeGrades.Create', 0, NULL, NULL, 'N;'),
('Employees.EmployeeGrades.Delete', 0, NULL, NULL, 'N;'),
('Employees.EmployeeGrades.Index', 0, NULL, NULL, 'N;'),
('Employees.EmployeeGrades.Update', 0, NULL, NULL, 'N;'),
('Employees.EmployeeGrades.View', 0, NULL, NULL, 'N;'),
('Employees.EmployeeLeaveTypes.*', 1, NULL, NULL, 'N;'),
('Employees.EmployeeLeaveTypes.Admin', 0, NULL, NULL, 'N;'),
('Employees.EmployeeLeaveTypes.Create', 0, NULL, NULL, 'N;'),
('Employees.EmployeeLeaveTypes.Delete', 0, NULL, NULL, 'N;'),
('Employees.EmployeeLeaveTypes.Index', 0, NULL, NULL, 'N;'),
('Employees.EmployeeLeaveTypes.Update', 0, NULL, NULL, 'N;'),
('Employees.EmployeeLeaveTypes.View', 0, NULL, NULL, 'N;'),
('Employees.EmployeePositions.*', 1, NULL, NULL, 'N;'),
('Employees.EmployeePositions.Admin', 0, NULL, NULL, 'N;'),
('Employees.EmployeePositions.Create', 0, NULL, NULL, 'N;'),
('Employees.EmployeePositions.Delete', 0, NULL, NULL, 'N;'),
('Employees.EmployeePositions.Index', 0, NULL, NULL, 'N;'),
('Employees.EmployeePositions.Update', 0, NULL, NULL, 'N;'),
('Employees.EmployeePositions.View', 0, NULL, NULL, 'N;'),
('Employees.Employees.*', 1, NULL, NULL, 'N;'),
('Employees.Employees.Addinfo', 0, NULL, NULL, 'N;'),
('Employees.Employees.Address', 0, NULL, NULL, 'N;'),
('Employees.Employees.Admin', 0, NULL, NULL, 'N;'),
('Employees.Employees.Contact', 0, NULL, NULL, 'N;'),
('Employees.Employees.Create', 0, NULL, NULL, 'N;'),
('Employees.Employees.Create2', 0, NULL, NULL, 'N;'),
('Employees.Employees.Delete', 0, NULL, NULL, 'N;'),
('Employees.Employees.DisplaySavedImage', 0, NULL, NULL, 'N;'),
('Employees.Employees.Index', 0, NULL, NULL, 'N;'),
('Employees.Employees.Manage', 0, NULL, NULL, 'N;'),
('Employees.Employees.Pdf', 0, NULL, NULL, 'N;'),
('Employees.Employees.Remove', 0, NULL, NULL, 'N;'),
('Employees.Employees.Update', 0, NULL, NULL, 'N;'),
('Employees.Employees.Update2', 0, NULL, NULL, 'N;'),
('Employees.Employees.View', 0, NULL, NULL, 'N;'),
('Employees.EmployeesSubjects.*', 1, NULL, NULL, 'N;'),
('Employees.EmployeesSubjects.Admin', 0, NULL, NULL, 'N;'),
('Employees.EmployeesSubjects.Assign', 0, NULL, NULL, 'N;'),
('Employees.EmployeesSubjects.Create', 0, NULL, NULL, 'N;'),
('Employees.EmployeesSubjects.Current', 0, NULL, NULL, 'N;'),
('Employees.EmployeesSubjects.Delete', 0, NULL, NULL, 'N;'),
('Employees.EmployeesSubjects.Deleterow', 0, NULL, NULL, 'N;'),
('Employees.EmployeesSubjects.Employee', 0, NULL, NULL, 'N;'),
('Employees.EmployeesSubjects.Index', 0, NULL, NULL, 'N;'),
('Employees.EmployeesSubjects.Remove', 0, NULL, NULL, 'N;'),
('Employees.EmployeesSubjects.Subject', 0, NULL, NULL, 'N;'),
('Employees.EmployeesSubjects.Update', 0, NULL, NULL, 'N;'),
('Employees.EmployeesSubjects.View', 0, NULL, NULL, 'N;'),
('Employees.Savedsearches.*', 1, NULL, NULL, 'N;'),
('Employees.Savedsearches.Addnew', 0, NULL, NULL, 'N;'),
('Employees.Savedsearches.Admin', 0, NULL, NULL, 'N;'),
('Employees.Savedsearches.Create', 0, NULL, NULL, 'N;'),
('Employees.Savedsearches.Delete', 0, NULL, NULL, 'N;'),
('Employees.Savedsearches.Index', 0, NULL, NULL, 'N;'),
('Employees.Savedsearches.Update', 0, NULL, NULL, 'N;'),
('Employees.Savedsearches.View', 0, NULL, NULL, 'N;'),
('Events.*', 1, NULL, NULL, 'N;'),
('Events.Index', 0, NULL, NULL, 'N;'),
('Events.ReturnForm', 0, NULL, NULL, 'N;'),
('Events.ReturnView', 0, NULL, NULL, 'N;'),
('Examination.Default.*', 1, NULL, NULL, 'N;'),
('Examination.Default.Index', 0, NULL, NULL, 'N;'),
('Examination.Exam.*', 1, NULL, NULL, 'N;'),
('Examination.Exam.Index', 0, NULL, NULL, 'N;'),
('Examination.Exam.ReturnForm', 0, NULL, NULL, 'N;'),
('Examination.Exam.ReturnView', 0, NULL, NULL, 'N;'),
('Examination.ExamGroups.*', 1, NULL, NULL, 'N;'),
('Examination.ExamGroups.Admin', 0, NULL, NULL, 'N;'),
('Examination.ExamGroups.Create', 0, NULL, NULL, 'N;'),
('Examination.ExamGroups.Delete', 0, NULL, NULL, 'N;'),
('Examination.ExamGroups.Deletenew', 0, NULL, NULL, 'N;'),
('Examination.ExamGroups.Index', 0, NULL, NULL, 'N;'),
('Examination.ExamGroups.Manage', 0, NULL, NULL, 'N;'),
('Examination.ExamGroups.Update', 0, NULL, NULL, 'N;'),
('Examination.ExamGroups.View', 0, NULL, NULL, 'N;'),
('Examination.Exams.*', 1, NULL, NULL, 'N;'),
('Examination.Exams.Admin', 0, NULL, NULL, 'N;'),
('Examination.Exams.Create', 0, NULL, NULL, 'N;'),
('Examination.Exams.Delete', 0, NULL, NULL, 'N;'),
('Examination.Exams.Index', 0, NULL, NULL, 'N;'),
('Examination.Exams.Manage', 0, NULL, NULL, 'N;'),
('Examination.Exams.Update', 0, NULL, NULL, 'N;'),
('Examination.Exams.View', 0, NULL, NULL, 'N;'),
('Examination.ExamScores.*', 1, NULL, NULL, 'N;'),
('Examination.ExamScores.Admin', 0, NULL, NULL, 'N;'),
('Examination.ExamScores.Create', 0, NULL, NULL, 'N;'),
('Examination.ExamScores.Delete', 0, NULL, NULL, 'N;'),
('Examination.ExamScores.Deleteall', 0, NULL, NULL, 'N;'),
('Examination.ExamScores.Index', 0, NULL, NULL, 'N;'),
('Examination.ExamScores.Pdf', 0, NULL, NULL, 'N;'),
('Examination.ExamScores.Update', 0, NULL, NULL, 'N;'),
('Examination.ExamScores.View', 0, NULL, NULL, 'N;'),
('Examination.GradingLevels.*', 1, NULL, NULL, 'N;'),
('Examination.GradingLevels.Default', 0, NULL, NULL, 'N;'),
('Examination.GradingLevels.Index', 0, NULL, NULL, 'N;'),
('Examination.GradingLevels.ReturnForm', 0, NULL, NULL, 'N;'),
('Examination.GradingLevels.ReturnView', 0, NULL, NULL, 'N;'),
('FeeCollectionParticulars.*', 1, NULL, NULL, 'N;'),
('FeeCollectionParticulars.Index', 0, NULL, NULL, 'N;'),
('FeeCollectionParticulars.ReturnForm', 0, NULL, NULL, 'N;'),
('FeeCollectionParticulars.ReturnView', 0, NULL, NULL, 'N;'),
('Fees.Default.*', 1, NULL, NULL, 'N;'),
('Fees.Default.Index', 0, NULL, NULL, 'N;'),
('Fees.FeeCollectionParticulars.*', 1, NULL, NULL, 'N;'),
('Fees.FeeCollectionParticulars.Index', 0, NULL, NULL, 'N;'),
('Fees.FeeCollectionParticulars.ReturnForm', 0, NULL, NULL, 'N;'),
('Fees.FeeCollectionParticulars.ReturnView', 0, NULL, NULL, 'N;'),
('Fees.FinanceFeeCategories.*', 1, NULL, NULL, 'N;'),
('Fees.FinanceFeeCategories.Index', 0, NULL, NULL, 'N;'),
('Fees.FinanceFeeCategories.ReturnForm', 0, NULL, NULL, 'N;'),
('Fees.FinanceFeeCategories.ReturnView', 0, NULL, NULL, 'N;'),
('Fees.FinanceFeeCategoriesCont.*', 1, NULL, NULL, 'N;'),
('Fees.FinanceFeeCategoriesCont.Additionalfees', 0, NULL, NULL, 'N;'),
('Fees.FinanceFeeCategoriesCont.Additionalview', 0, NULL, NULL, 'N;'),
('Fees.FinanceFeeCategoriesCont.Admin', 0, NULL, NULL, 'N;'),
('Fees.FinanceFeeCategoriesCont.Create', 0, NULL, NULL, 'N;'),
('Fees.FinanceFeeCategoriesCont.Delete', 0, NULL, NULL, 'N;'),
('Fees.FinanceFeeCategoriesCont.Index', 0, NULL, NULL, 'N;'),
('Fees.FinanceFeeCategoriesCont.Master', 0, NULL, NULL, 'N;'),
('Fees.FinanceFeeCategoriesCont.Update', 0, NULL, NULL, 'N;'),
('Fees.FinanceFeeCategoriesCont.View', 0, NULL, NULL, 'N;'),
('Fees.FinanceFeeCollections.*', 1, NULL, NULL, 'N;'),
('Fees.FinanceFeeCollections.Index', 0, NULL, NULL, 'N;'),
('Fees.FinanceFeeCollections.ReturnForm', 0, NULL, NULL, 'N;'),
('Fees.FinanceFeeCollections.ReturnView', 0, NULL, NULL, 'N;'),
('Fees.FinanceFeeParticulars.*', 1, NULL, NULL, 'N;'),
('Fees.FinanceFeeParticulars.Index', 0, NULL, NULL, 'N;'),
('Fees.FinanceFeeParticulars.ReturnForm', 0, NULL, NULL, 'N;'),
('Fees.FinanceFeeParticulars.ReturnView', 0, NULL, NULL, 'N;'),
('Fees.FinanceFeeParticularsCont.*', 1, NULL, NULL, 'N;'),
('Fees.FinanceFeeParticularsCont.Admin', 0, NULL, NULL, 'N;'),
('Fees.FinanceFeeParticularsCont.Create', 0, NULL, NULL, 'N;'),
('Fees.FinanceFeeParticularsCont.Delete', 0, NULL, NULL, 'N;'),
('Fees.FinanceFeeParticularsCont.Index', 0, NULL, NULL, 'N;'),
('Fees.FinanceFeeParticularsCont.Manage', 0, NULL, NULL, 'N;'),
('Fees.FinanceFeeParticularsCont.Update', 0, NULL, NULL, 'N;'),
('Fees.FinanceFeeParticularsCont.View', 0, NULL, NULL, 'N;'),
('Fees.FinanceFees.*', 1, NULL, NULL, 'N;'),
('Fees.FinanceFees.Admin', 0, NULL, NULL, 'N;'),
('Fees.FinanceFees.Create', 0, NULL, NULL, 'N;'),
('Fees.FinanceFees.Delete', 0, NULL, NULL, 'N;'),
('Fees.FinanceFees.Index', 0, NULL, NULL, 'N;'),
('Fees.FinanceFees.Payfees', 0, NULL, NULL, 'N;'),
('Fees.FinanceFees.Update', 0, NULL, NULL, 'N;'),
('Fees.FinanceFees.View', 0, NULL, NULL, 'N;'),
('FinanceFeeCategories.*', 1, NULL, NULL, 'N;'),
('FinanceFeeCategories.Index', 0, NULL, NULL, 'N;'),
('FinanceFeeCategories.ReturnForm', 0, NULL, NULL, 'N;'),
('FinanceFeeCategories.ReturnView', 0, NULL, NULL, 'N;'),
('FinanceFeeCategoriesCont.*', 1, NULL, NULL, 'N;'),
('FinanceFeeCategoriesCont.Additionalfees', 0, NULL, NULL, 'N;'),
('FinanceFeeCategoriesCont.Additionalview', 0, NULL, NULL, 'N;'),
('FinanceFeeCategoriesCont.Admin', 0, NULL, NULL, 'N;'),
('FinanceFeeCategoriesCont.Create', 0, NULL, NULL, 'N;'),
('FinanceFeeCategoriesCont.Delete', 0, NULL, NULL, 'N;'),
('FinanceFeeCategoriesCont.Index', 0, NULL, NULL, 'N;'),
('FinanceFeeCategoriesCont.Master', 0, NULL, NULL, 'N;'),
('FinanceFeeCategoriesCont.Update', 0, NULL, NULL, 'N;'),
('FinanceFeeCategoriesCont.View', 0, NULL, NULL, 'N;'),
('FinanceFeeCollections.*', 1, NULL, NULL, 'N;'),
('FinanceFeeCollections.Index', 0, NULL, NULL, 'N;'),
('FinanceFeeCollections.ReturnForm', 0, NULL, NULL, 'N;'),
('FinanceFeeCollections.ReturnView', 0, NULL, NULL, 'N;'),
('FinanceFeeParticulars.*', 1, NULL, NULL, 'N;'),
('FinanceFeeParticulars.Index', 0, NULL, NULL, 'N;'),
('FinanceFeeParticulars.ReturnForm', 0, NULL, NULL, 'N;'),
('FinanceFeeParticulars.ReturnView', 0, NULL, NULL, 'N;'),
('FinanceFeeParticularsCont.*', 1, NULL, NULL, 'N;'),
('FinanceFeeParticularsCont.Admin', 0, NULL, NULL, 'N;'),
('FinanceFeeParticularsCont.Create', 0, NULL, NULL, 'N;'),
('FinanceFeeParticularsCont.Delete', 0, NULL, NULL, 'N;'),
('FinanceFeeParticularsCont.Index', 0, NULL, NULL, 'N;'),
('FinanceFeeParticularsCont.Manage', 0, NULL, NULL, 'N;'),
('FinanceFeeParticularsCont.Update', 0, NULL, NULL, 'N;'),
('FinanceFeeParticularsCont.View', 0, NULL, NULL, 'N;'),
('FinanceFees.*', 1, NULL, NULL, 'N;'),
('FinanceFees.Admin', 0, NULL, NULL, 'N;'),
('FinanceFees.Create', 0, NULL, NULL, 'N;'),
('FinanceFees.Delete', 0, NULL, NULL, 'N;'),
('FinanceFees.Index', 0, NULL, NULL, 'N;'),
('FinanceFees.Payfees', 0, NULL, NULL, 'N;'),
('FinanceFees.Update', 0, NULL, NULL, 'N;'),
('FinanceFees.View', 0, NULL, NULL, 'N;'),
('Guest', 2, NULL, NULL, 'N;'),
('Hostel.Allotment.*', 1, NULL, NULL, 'N;'),
('Hostel.Allotment.Admin', 0, NULL, NULL, 'N;'),
('Hostel.Allotment.Alloterror', 0, NULL, NULL, 'N;'),
('Hostel.Allotment.Create', 0, NULL, NULL, 'N;'),
('Hostel.Allotment.Delete', 0, NULL, NULL, 'N;'),
('Hostel.Allotment.Index', 0, NULL, NULL, 'N;'),
('Hostel.Allotment.Roominfo', 0, NULL, NULL, 'N;'),
('Hostel.Allotment.Update', 0, NULL, NULL, 'N;'),
('Hostel.Allotment.View', 0, NULL, NULL, 'N;'),
('Hostel.Default.*', 1, NULL, NULL, 'N;'),
('Hostel.Default.Index', 0, NULL, NULL, 'N;'),
('Hostel.Floor.*', 1, NULL, NULL, 'N;'),
('Hostel.Floor.Admin', 0, NULL, NULL, 'N;'),
('Hostel.Floor.Create', 0, NULL, NULL, 'N;'),
('Hostel.Floor.Delete', 0, NULL, NULL, 'N;'),
('Hostel.Floor.Index', 0, NULL, NULL, 'N;'),
('Hostel.Floor.Update', 0, NULL, NULL, 'N;'),
('Hostel.Floor.View', 0, NULL, NULL, 'N;'),
('Hostel.FoodInfo.*', 1, NULL, NULL, 'N;'),
('Hostel.FoodInfo.Admin', 0, NULL, NULL, 'N;'),
('Hostel.FoodInfo.Create', 0, NULL, NULL, 'N;'),
('Hostel.FoodInfo.Delete', 0, NULL, NULL, 'N;'),
('Hostel.FoodInfo.Index', 0, NULL, NULL, 'N;'),
('Hostel.FoodInfo.Update', 0, NULL, NULL, 'N;'),
('Hostel.FoodInfo.View', 0, NULL, NULL, 'N;'),
('Hostel.Hosteldetails.*', 1, NULL, NULL, 'N;'),
('Hostel.Hosteldetails.Admin', 0, NULL, NULL, 'N;'),
('Hostel.Hosteldetails.Create', 0, NULL, NULL, 'N;'),
('Hostel.Hosteldetails.Delete', 0, NULL, NULL, 'N;'),
('Hostel.Hosteldetails.Index', 0, NULL, NULL, 'N;'),
('Hostel.Hosteldetails.Update', 0, NULL, NULL, 'N;'),
('Hostel.Hosteldetails.View', 0, NULL, NULL, 'N;'),
('Hostel.MessFee.*', 1, NULL, NULL, 'N;'),
('Hostel.MessFee.Admin', 0, NULL, NULL, 'N;'),
('Hostel.MessFee.Create', 0, NULL, NULL, 'N;'),
('Hostel.MessFee.Delete', 0, NULL, NULL, 'N;'),
('Hostel.MessFee.Index', 0, NULL, NULL, 'N;'),
('Hostel.MessFee.Update', 0, NULL, NULL, 'N;'),
('Hostel.MessFee.View', 0, NULL, NULL, 'N;'),
('Hostel.MessManage.*', 1, NULL, NULL, 'N;'),
('Hostel.MessManage.Admin', 0, NULL, NULL, 'N;'),
('Hostel.MessManage.Create', 0, NULL, NULL, 'N;'),
('Hostel.MessManage.Delete', 0, NULL, NULL, 'N;'),
('Hostel.MessManage.Index', 0, NULL, NULL, 'N;'),
('Hostel.MessManage.Manage', 0, NULL, NULL, 'N;'),
('Hostel.MessManage.MessDetails', 0, NULL, NULL, 'N;'),
('Hostel.MessManage.MessInfo', 0, NULL, NULL, 'N;'),
('Hostel.MessManage.Payfees', 0, NULL, NULL, 'N;'),
('Hostel.MessManage.Update', 0, NULL, NULL, 'N;'),
('Hostel.MessManage.View', 0, NULL, NULL, 'N;'),
('Hostel.Registration.*', 1, NULL, NULL, 'N;'),
('Hostel.Registration.Admin', 0, NULL, NULL, 'N;'),
('Hostel.Registration.Autocomplete', 0, NULL, NULL, 'N;'),
('Hostel.Registration.Create', 0, NULL, NULL, 'N;'),
('Hostel.Registration.Delete', 0, NULL, NULL, 'N;'),
('Hostel.Registration.Index', 0, NULL, NULL, 'N;'),
('Hostel.Registration.Update', 0, NULL, NULL, 'N;'),
('Hostel.Registration.View', 0, NULL, NULL, 'N;'),
('Hostel.Room.*', 1, NULL, NULL, 'N;'),
('Hostel.Room.Admin', 0, NULL, NULL, 'N;'),
('Hostel.Room.Allot', 0, NULL, NULL, 'N;'),
('Hostel.Room.Autocomplete', 0, NULL, NULL, 'N;'),
('Hostel.Room.Change', 0, NULL, NULL, 'N;'),
('Hostel.Room.Create', 0, NULL, NULL, 'N;'),
('Hostel.Room.Delete', 0, NULL, NULL, 'N;'),
('Hostel.Room.Error', 0, NULL, NULL, 'N;'),
('Hostel.Room.Index', 0, NULL, NULL, 'N;'),
('Hostel.Room.Manage', 0, NULL, NULL, 'N;'),
('Hostel.Room.Roomchange', 0, NULL, NULL, 'N;'),
('Hostel.Room.Roomlist', 0, NULL, NULL, 'N;'),
('Hostel.Room.Roomrequest', 0, NULL, NULL, 'N;'),
('Hostel.Room.Roomsearch', 0, NULL, NULL, 'N;'),
('Hostel.Room.Update', 0, NULL, NULL, 'N;'),
('Hostel.Room.View', 0, NULL, NULL, 'N;'),
('Hostel.RoomDetails.*', 1, NULL, NULL, 'N;'),
('Hostel.RoomDetails.Admin', 0, NULL, NULL, 'N;'),
('Hostel.RoomDetails.Create', 0, NULL, NULL, 'N;'),
('Hostel.RoomDetails.Delete', 0, NULL, NULL, 'N;'),
('Hostel.RoomDetails.Index', 0, NULL, NULL, 'N;'),
('Hostel.RoomDetails.Manage', 0, NULL, NULL, 'N;'),
('Hostel.RoomDetails.Update', 0, NULL, NULL, 'N;'),
('Hostel.RoomDetails.View', 0, NULL, NULL, 'N;'),
('Hostel.Roomrequest.*', 1, NULL, NULL, 'N;'),
('Hostel.Roomrequest.Admin', 0, NULL, NULL, 'N;'),
('Hostel.Roomrequest.Create', 0, NULL, NULL, 'N;'),
('Hostel.Roomrequest.Delete', 0, NULL, NULL, 'N;'),
('Hostel.Roomrequest.Index', 0, NULL, NULL, 'N;'),
('Hostel.Roomrequest.Update', 0, NULL, NULL, 'N;'),
('Hostel.Roomrequest.View', 0, NULL, NULL, 'N;'),
('Hostel.Settings.*', 1, NULL, NULL, 'N;'),
('Hostel.Settings.Admin', 0, NULL, NULL, 'N;'),
('Hostel.Settings.Create', 0, NULL, NULL, 'N;'),
('Hostel.Settings.Delete', 0, NULL, NULL, 'N;'),
('Hostel.Settings.Index', 0, NULL, NULL, 'N;'),
('Hostel.Settings.Notifications', 0, NULL, NULL, 'N;'),
('Hostel.Settings.Remind', 0, NULL, NULL, 'N;'),
('Hostel.Settings.Settings', 0, NULL, NULL, 'N;'),
('Hostel.Settings.Update', 0, NULL, NULL, 'N;'),
('Hostel.Settings.View', 0, NULL, NULL, 'N;'),
('Hostel.Vacate.*', 1, NULL, NULL, 'N;'),
('Hostel.Vacate.Admin', 0, NULL, NULL, 'N;'),
('Hostel.Vacate.Autocomplete', 0, NULL, NULL, 'N;'),
('Hostel.Vacate.Create', 0, NULL, NULL, 'N;'),
('Hostel.Vacate.Delete', 0, NULL, NULL, 'N;'),
('Hostel.Vacate.Index', 0, NULL, NULL, 'N;'),
('Hostel.Vacate.Roomvacate', 0, NULL, NULL, 'N;'),
('Hostel.Vacate.Update', 0, NULL, NULL, 'N;'),
('Hostel.Vacate.View', 0, NULL, NULL, 'N;'),
('Install.Default.*', 1, NULL, NULL, 'N;'),
('Install.Default.DownloadEnvironment', 0, NULL, NULL, 'N;'),
('Install.Default.Htaccess', 0, NULL, NULL, 'N;'),
('Install.Default.Index', 0, NULL, NULL, 'N;'),
('Install.Default.Step1', 0, NULL, NULL, 'N;'),
('Install.Default.Step2', 0, NULL, NULL, 'N;'),
('Install.Default.Step3', 0, NULL, NULL, 'N;'),
('Install.Default.Step4', 0, NULL, NULL, 'N;'),
('Install.Default.Step44', 0, NULL, NULL, 'N;'),
('Install.Default.Step5', 0, NULL, NULL, 'N;'),
('Leads.*', 1, NULL, NULL, 'N;'),
('Leads.Add', 0, NULL, NULL, 'N;'),
('Leads.Admin', 0, NULL, NULL, 'N;'),
('Leads.Assesments', 0, NULL, NULL, 'N;'),
('Leads.Attentance', 0, NULL, NULL, 'N;'),
('Leads.Batch', 0, NULL, NULL, 'N;'),
('Leads.Create', 0, NULL, NULL, 'N;'),
('Leads.Delete', 0, NULL, NULL, 'N;'),
('Leads.Events', 0, NULL, NULL, 'N;'),
('Leads.Index', 0, NULL, NULL, 'N;'),
('Leads.Manage', 0, NULL, NULL, 'N;'),
('Leads.Savesearch', 0, NULL, NULL, 'N;'),
('Leads.Update', 0, NULL, NULL, 'N;'),
('Leads.View', 0, NULL, NULL, 'N;'),
('Leads.Website', 0, NULL, NULL, 'N;'),
('library', 2, 'library manager', NULL, 'N;'),
('Library.Authors.*', 1, NULL, NULL, 'N;'),
('Library.Authors.Authordetails', 0, NULL, NULL, 'N;'),
('Library.Authors.Index', 0, NULL, NULL, 'N;'),
('Library.Authors.ReturnForm', 0, NULL, NULL, 'N;'),
('Library.Authors.ReturnView', 0, NULL, NULL, 'N;'),
('Library.Book.*', 1, NULL, NULL, 'N;'),
('Library.Book.Admin', 0, NULL, NULL, 'N;'),
('Library.Book.Allbooks', 0, NULL, NULL, 'N;'),
('Library.Book.Autocomplete', 0, NULL, NULL, 'N;'),
('Library.Book.Autocomplete1', 0, NULL, NULL, 'N;'),
('Library.Book.Bookdetails', 0, NULL, NULL, 'N;'),
('Library.Book.Booklist', 0, NULL, NULL, 'N;'),
('Library.Book.BookSearch', 0, NULL, NULL, 'N;'),
('Library.Book.Create', 0, NULL, NULL, 'N;'),
('Library.Book.Delete', 0, NULL, NULL, 'N;'),
('Library.Book.Index', 0, NULL, NULL, 'N;'),
('Library.Book.Manage', 0, NULL, NULL, 'N;'),
('Library.Book.Subjects', 0, NULL, NULL, 'N;'),
('Library.Book.Update', 0, NULL, NULL, 'N;'),
('Library.Book.View', 0, NULL, NULL, 'N;'),
('Library.BookFine.*', 1, NULL, NULL, 'N;'),
('Library.BookFine.Admin', 0, NULL, NULL, 'N;'),
('Library.BookFine.Create', 0, NULL, NULL, 'N;'),
('Library.BookFine.Delete', 0, NULL, NULL, 'N;'),
('Library.BookFine.Index', 0, NULL, NULL, 'N;'),
('Library.BookFine.Update', 0, NULL, NULL, 'N;'),
('Library.BookFine.View', 0, NULL, NULL, 'N;'),
('Library.BorrowBook.*', 1, NULL, NULL, 'N;'),
('Library.BorrowBook.Admin', 0, NULL, NULL, 'N;'),
('Library.BorrowBook.Autocomplete', 0, NULL, NULL, 'N;'),
('Library.BorrowBook.Create', 0, NULL, NULL, 'N;'),
('Library.BorrowBook.Delete', 0, NULL, NULL, 'N;'),
('Library.BorrowBook.Error', 0, NULL, NULL, 'N;'),
('Library.BorrowBook.Index', 0, NULL, NULL, 'N;'),
('Library.BorrowBook.ListBook', 0, NULL, NULL, 'N;'),
('Library.BorrowBook.Remind', 0, NULL, NULL, 'N;'),
('Library.BorrowBook.Studentdetails', 0, NULL, NULL, 'N;'),
('Library.BorrowBook.Update', 0, NULL, NULL, 'N;'),
('Library.BorrowBook.View', 0, NULL, NULL, 'N;'),
('Library.Category.*', 1, NULL, NULL, 'N;'),
('Library.Category.Admin', 0, NULL, NULL, 'N;'),
('Library.Category.Create', 0, NULL, NULL, 'N;'),
('Library.Category.Delete', 0, NULL, NULL, 'N;'),
('Library.Category.Index', 0, NULL, NULL, 'N;'),
('Library.Category.Update', 0, NULL, NULL, 'N;'),
('Library.Category.View', 0, NULL, NULL, 'N;'),
('Library.Default.*', 1, NULL, NULL, 'N;'),
('Library.Default.Index', 0, NULL, NULL, 'N;'),
('Library.Publication.*', 1, NULL, NULL, 'N;'),
('Library.Publication.Admin', 0, NULL, NULL, 'N;'),
('Library.Publication.Create', 0, NULL, NULL, 'N;'),
('Library.Publication.Delete', 0, NULL, NULL, 'N;'),
('Library.Publication.Index', 0, NULL, NULL, 'N;'),
('Library.Publication.Update', 0, NULL, NULL, 'N;'),
('Library.Publication.View', 0, NULL, NULL, 'N;'),
('Library.ReturnBook.*', 1, NULL, NULL, 'N;'),
('Library.ReturnBook.Admin', 0, NULL, NULL, 'N;'),
('Library.ReturnBook.Create', 0, NULL, NULL, 'N;'),
('Library.ReturnBook.Delete', 0, NULL, NULL, 'N;'),
('Library.ReturnBook.Index', 0, NULL, NULL, 'N;'),
('Library.ReturnBook.Returnbook', 0, NULL, NULL, 'N;'),
('Library.ReturnBook.Update', 0, NULL, NULL, 'N;'),
('Library.ReturnBook.View', 0, NULL, NULL, 'N;'),
('Library.Settings.*', 1, NULL, NULL, 'N;'),
('Library.Settings.Admin', 0, NULL, NULL, 'N;'),
('Library.Settings.Create', 0, NULL, NULL, 'N;'),
('Library.Settings.Delete', 0, NULL, NULL, 'N;'),
('Library.Settings.Index', 0, NULL, NULL, 'N;'),
('Library.Settings.Remind', 0, NULL, NULL, 'N;'),
('Library.Settings.Settings', 0, NULL, NULL, 'N;'),
('Library.Settings.Update', 0, NULL, NULL, 'N;'),
('Library.Settings.View', 0, NULL, NULL, 'N;'),
('Mailbox.Ajax.*', 1, NULL, NULL, 'N;'),
('Mailbox.Ajax.Auto', 0, NULL, NULL, 'N;'),
('Mailbox.Default.*', 1, NULL, NULL, 'N;'),
('Mailbox.Default.Index', 0, NULL, NULL, 'N;'),
('Mailbox.Groups.*', 1, NULL, NULL, 'N;'),
('Mailbox.Groups.Admin', 0, NULL, NULL, 'N;'),
('Mailbox.Groups.Create', 0, NULL, NULL, 'N;'),
('Mailbox.Groups.Delete', 0, NULL, NULL, 'N;'),
('Mailbox.Groups.Index', 0, NULL, NULL, 'N;'),
('Mailbox.Groups.Message', 0, NULL, NULL, 'N;'),
('Mailbox.Groups.Messagedetails', 0, NULL, NULL, 'N;'),
('Mailbox.Groups.Update', 0, NULL, NULL, 'N;'),
('Mailbox.Groups.View', 0, NULL, NULL, 'N;'),
('Mailbox.Message.*', 1, NULL, NULL, 'N;'),
('Mailbox.Message.Admin', 0, NULL, NULL, 'N;'),
('Mailbox.Message.Create', 0, NULL, NULL, 'N;'),
('Mailbox.Message.Data', 0, NULL, NULL, 'N;'),
('Mailbox.Message.Ddel', 0, NULL, NULL, 'N;'),
('Mailbox.Message.Del', 0, NULL, NULL, 'N;'),
('Mailbox.Message.Delete', 0, NULL, NULL, 'N;'),
('Mailbox.Message.Fdel', 0, NULL, NULL, 'N;'),
('Mailbox.Message.Folder', 0, NULL, NULL, 'N;'),
('Mailbox.Message.Forward', 0, NULL, NULL, 'N;'),
('Mailbox.Message.Inbox', 0, NULL, NULL, 'N;'),
('Mailbox.Message.Index', 0, NULL, NULL, 'N;'),
('Mailbox.Message.Message', 0, NULL, NULL, 'N;'),
('Mailbox.Message.New', 0, NULL, NULL, 'N;'),
('Mailbox.Message.Reply', 0, NULL, NULL, 'N;'),
('Mailbox.Message.Sdel', 0, NULL, NULL, 'N;'),
('Mailbox.Message.Sent', 0, NULL, NULL, 'N;'),
('Mailbox.Message.Sentitems', 0, NULL, NULL, 'N;'),
('Mailbox.Message.Sentmessage', 0, NULL, NULL, 'N;'),
('Mailbox.Message.Star', 0, NULL, NULL, 'N;'),
('Mailbox.Message.Stardel', 0, NULL, NULL, 'N;'),
('Mailbox.Message.Starred', 0, NULL, NULL, 'N;'),
('Mailbox.Message.Trash', 0, NULL, NULL, 'N;'),
('Mailbox.Message.Unstar', 0, NULL, NULL, 'N;'),
('Mailbox.Message.Update', 0, NULL, NULL, 'N;'),
('Mailbox.Message.Ustar', 0, NULL, NULL, 'N;'),
('Mailbox.Message.View', 0, NULL, NULL, 'N;'),
('Mailbox.News.*', 1, NULL, NULL, 'N;'),
('Mailbox.News.Index', 0, NULL, NULL, 'N;'),
('Mailbox.News.Info', 0, NULL, NULL, 'N;'),
('Mailbox.User.*', 1, NULL, NULL, 'N;'),
('Mailbox.User.Admin', 0, NULL, NULL, 'N;'),
('Mailbox.User.Create', 0, NULL, NULL, 'N;'),
('Mailbox.User.Data', 0, NULL, NULL, 'N;'),
('Mailbox.User.Delete', 0, NULL, NULL, 'N;'),
('Mailbox.User.Draft', 0, NULL, NULL, 'N;'),
('Mailbox.User.Events', 0, NULL, NULL, 'N;'),
('Mailbox.User.Folder', 0, NULL, NULL, 'N;'),
('Mailbox.User.Folders', 0, NULL, NULL, 'N;'),
('Mailbox.User.Forward', 0, NULL, NULL, 'N;'),
('Mailbox.User.Inbox', 0, NULL, NULL, 'N;'),
('Mailbox.User.Inboxbottom', 0, NULL, NULL, 'N;'),
('Mailbox.User.Inboxmessage', 0, NULL, NULL, 'N;'),
('Mailbox.User.Inboxtask', 0, NULL, NULL, 'N;'),
('Mailbox.User.Index', 0, NULL, NULL, 'N;'),
('Mailbox.User.Patientprofile', 0, NULL, NULL, 'N;'),
('Mailbox.User.Sentitems', 0, NULL, NULL, 'N;'),
('Mailbox.User.Star', 0, NULL, NULL, 'N;'),
('Mailbox.User.Taskdetails', 0, NULL, NULL, 'N;'),
('Mailbox.User.Update', 0, NULL, NULL, 'N;'),
('Mailbox.User.View', 0, NULL, NULL, 'N;'),
('Mailbox.Userfolder.*', 1, NULL, NULL, 'N;'),
('Mailbox.Userfolder.Admin', 0, NULL, NULL, 'N;'),
('Mailbox.Userfolder.Create', 0, NULL, NULL, 'N;'),
('Mailbox.Userfolder.Delete', 0, NULL, NULL, 'N;'),
('Mailbox.Userfolder.Index', 0, NULL, NULL, 'N;'),
('Mailbox.Userfolder.Update', 0, NULL, NULL, 'N;'),
('Mailbox.Userfolder.View', 0, NULL, NULL, 'N;'),
('Mailbox_.Default.*', 1, NULL, NULL, 'N;'),
('Mailbox_.Default.Index', 0, NULL, NULL, 'N;'),
('Mailbox_.Groups.*', 1, NULL, NULL, 'N;'),
('Mailbox_.Groups.Admin', 0, NULL, NULL, 'N;'),
('Mailbox_.Groups.Create', 0, NULL, NULL, 'N;'),
('Mailbox_.Groups.Delete', 0, NULL, NULL, 'N;'),
('Mailbox_.Groups.Index', 0, NULL, NULL, 'N;'),
('Mailbox_.Groups.Message', 0, NULL, NULL, 'N;'),
('Mailbox_.Groups.Messagedetails', 0, NULL, NULL, 'N;'),
('Mailbox_.Groups.Update', 0, NULL, NULL, 'N;'),
('Mailbox_.Groups.View', 0, NULL, NULL, 'N;'),
('Mailbox_.Message.*', 1, NULL, NULL, 'N;'),
('Mailbox_.Message.Admin', 0, NULL, NULL, 'N;'),
('Mailbox_.Message.Create', 0, NULL, NULL, 'N;'),
('Mailbox_.Message.Data', 0, NULL, NULL, 'N;'),
('Mailbox_.Message.Ddel', 0, NULL, NULL, 'N;'),
('Mailbox_.Message.Del', 0, NULL, NULL, 'N;'),
('Mailbox_.Message.Delete', 0, NULL, NULL, 'N;'),
('Mailbox_.Message.Fdel', 0, NULL, NULL, 'N;'),
('Mailbox_.Message.Folder', 0, NULL, NULL, 'N;'),
('Mailbox_.Message.Forward', 0, NULL, NULL, 'N;'),
('Mailbox_.Message.Index', 0, NULL, NULL, 'N;'),
('Mailbox_.Message.Message', 0, NULL, NULL, 'N;'),
('Mailbox_.Message.Reply', 0, NULL, NULL, 'N;'),
('Mailbox_.Message.Sdel', 0, NULL, NULL, 'N;'),
('Mailbox_.Message.Sentitems', 0, NULL, NULL, 'N;'),
('Mailbox_.Message.Sentmessage', 0, NULL, NULL, 'N;'),
('Mailbox_.Message.Star', 0, NULL, NULL, 'N;'),
('Mailbox_.Message.Stardel', 0, NULL, NULL, 'N;'),
('Mailbox_.Message.Starred', 0, NULL, NULL, 'N;'),
('Mailbox_.Message.Unstar', 0, NULL, NULL, 'N;'),
('Mailbox_.Message.Update', 0, NULL, NULL, 'N;'),
('Mailbox_.Message.Ustar', 0, NULL, NULL, 'N;'),
('Mailbox_.Message.View', 0, NULL, NULL, 'N;'),
('Mailbox_.User.*', 1, NULL, NULL, 'N;'),
('Mailbox_.User.Admin', 0, NULL, NULL, 'N;'),
('Mailbox_.User.Create', 0, NULL, NULL, 'N;'),
('Mailbox_.User.Data', 0, NULL, NULL, 'N;'),
('Mailbox_.User.Delete', 0, NULL, NULL, 'N;'),
('Mailbox_.User.Draft', 0, NULL, NULL, 'N;'),
('Mailbox_.User.Events', 0, NULL, NULL, 'N;'),
('Mailbox_.User.Folder', 0, NULL, NULL, 'N;'),
('Mailbox_.User.Folders', 0, NULL, NULL, 'N;'),
('Mailbox_.User.Forward', 0, NULL, NULL, 'N;'),
('Mailbox_.User.Inbox', 0, NULL, NULL, 'N;'),
('Mailbox_.User.Inboxbottom', 0, NULL, NULL, 'N;'),
('Mailbox_.User.Inboxmessage', 0, NULL, NULL, 'N;'),
('Mailbox_.User.Inboxtask', 0, NULL, NULL, 'N;'),
('Mailbox_.User.Index', 0, NULL, NULL, 'N;'),
('Mailbox_.User.Patientprofile', 0, NULL, NULL, 'N;'),
('Mailbox_.User.Sentitems', 0, NULL, NULL, 'N;'),
('Mailbox_.User.Star', 0, NULL, NULL, 'N;'),
('Mailbox_.User.Taskdetails', 0, NULL, NULL, 'N;'),
('Mailbox_.User.Update', 0, NULL, NULL, 'N;'),
('Mailbox_.User.View', 0, NULL, NULL, 'N;'),
('Mailbox_.Userfolder.*', 1, NULL, NULL, 'N;'),
('Mailbox_.Userfolder.Admin', 0, NULL, NULL, 'N;'),
('Mailbox_.Userfolder.Create', 0, NULL, NULL, 'N;'),
('Mailbox_.Userfolder.Delete', 0, NULL, NULL, 'N;'),
('Mailbox_.Userfolder.Index', 0, NULL, NULL, 'N;'),
('Mailbox_.Userfolder.Update', 0, NULL, NULL, 'N;'),
('Mailbox_.Userfolder.View', 0, NULL, NULL, 'N;'),
('Messages.Compose.*', 1, NULL, NULL, 'N;'),
('Messages.Compose.Compose', 0, NULL, NULL, 'N;'),
('Messages.Delete.*', 1, NULL, NULL, 'N;'),
('Messages.Delete.Delete', 0, NULL, NULL, 'N;'),
('Messages.Inbox.*', 1, NULL, NULL, 'N;'),
('Messages.Inbox.Inbox', 0, NULL, NULL, 'N;'),
('Messages.Index.*', 1, NULL, NULL, 'N;'),
('Messages.Index.Index', 0, NULL, NULL, 'N;'),
('Messages.Sent.*', 1, NULL, NULL, 'N;'),
('Messages.Sent.Sent', 0, NULL, NULL, 'N;'),
('Messages.Suggest.*', 1, NULL, NULL, 'N;'),
('Messages.Suggest.User', 0, NULL, NULL, 'N;'),
('Messages.View.*', 1, NULL, NULL, 'N;'),
('Messages.View.View', 0, NULL, NULL, 'N;'),
('parent', 2, 'For parent Portal', NULL, 'N;'),
('Parentportal.Default.*', 1, NULL, NULL, 'N;'),
('Parentportal.Default.Attendance', 0, NULL, NULL, 'N;'),
('Parentportal.Default.Attendance1', 0, NULL, NULL, 'N;'),
('Parentportal.Default.Events', 0, NULL, NULL, 'N;'),
('Parentportal.Default.Exams', 0, NULL, NULL, 'N;'),
('Parentportal.Default.Fees', 0, NULL, NULL, 'N;'),
('Parentportal.Default.Index', 0, NULL, NULL, 'N;'),
('Parentportal.Default.Leftside', 0, NULL, NULL, 'N;'),
('Parentportal.Default.Messages', 0, NULL, NULL, 'N;'),
('Parentportal.Default.Newmessage', 0, NULL, NULL, 'N;'),
('Parentportal.Default.Profile', 0, NULL, NULL, 'N;'),
('Parentportal.Default.Reports', 0, NULL, NULL, 'N;'),
('Parentportal.Default.Viewmessage', 0, NULL, NULL, 'N;'),
('Report.Default.*', 1, NULL, NULL, 'N;'),
('Report.Default.Advancedreport', 0, NULL, NULL, 'N;'),
('Report.Default.Assessment', 0, NULL, NULL, 'N;'),
('Report.Default.Batch', 0, NULL, NULL, 'N;'),
('Report.Default.Batchname', 0, NULL, NULL, 'N;'),
('Report.Default.Employeeattendance', 0, NULL, NULL, 'N;'),
('Report.Default.Index', 0, NULL, NULL, 'N;'),
('Report.Default.Studentattendance', 0, NULL, NULL, 'N;'),
('Report.Default.Studentexam', 0, NULL, NULL, 'N;'),
('Reports.*', 1, NULL, NULL, 'N;'),
('Reports.Add', 0, NULL, NULL, 'N;'),
('Reports.Admin', 0, NULL, NULL, 'N;'),
('Reports.Assesments', 0, NULL, NULL, 'N;'),
('Reports.Attentance', 0, NULL, NULL, 'N;'),
('Reports.Batch', 0, NULL, NULL, 'N;'),
('Reports.Create', 0, NULL, NULL, 'N;'),
('Reports.Delete', 0, NULL, NULL, 'N;'),
('Reports.Events', 0, NULL, NULL, 'N;'),
('Reports.Index', 0, NULL, NULL, 'N;'),
('Reports.Manage', 0, NULL, NULL, 'N;'),
('Reports.Savesearch', 0, NULL, NULL, 'N;'),
('Reports.Update', 0, NULL, NULL, 'N;'),
('Reports.View', 0, NULL, NULL, 'N;'),
('Reports.Website', 0, NULL, NULL, 'N;'),
('Rights1.Assignment.*', 1, NULL, NULL, 'N;'),
('Rights1.Assignment.Revoke', 0, NULL, NULL, 'N;'),
('Rights1.Assignment.User', 0, NULL, NULL, 'N;'),
('Rights1.Assignment.View', 0, NULL, NULL, 'N;'),
('Rights1.AuthItem.*', 1, NULL, NULL, 'N;'),
('Rights1.AuthItem.Assign', 0, NULL, NULL, 'N;'),
('Rights1.AuthItem.Create', 0, NULL, NULL, 'N;'),
('Rights1.AuthItem.Delete', 0, NULL, NULL, 'N;'),
('Rights1.AuthItem.Generate', 0, NULL, NULL, 'N;'),
('Rights1.AuthItem.Operations', 0, NULL, NULL, 'N;'),
('Rights1.AuthItem.Permissions', 0, NULL, NULL, 'N;'),
('Rights1.AuthItem.RemoveChild', 0, NULL, NULL, 'N;'),
('Rights1.AuthItem.Revoke', 0, NULL, NULL, 'N;'),
('Rights1.AuthItem.Roles', 0, NULL, NULL, 'N;'),
('Rights1.AuthItem.Sortable', 0, NULL, NULL, 'N;'),
('Rights1.AuthItem.Tasks', 0, NULL, NULL, 'N;'),
('Rights1.AuthItem.Update', 0, NULL, NULL, 'N;'),
('Rights1.Install.*', 1, NULL, NULL, 'N;'),
('Rights1.Install.Confirm', 0, NULL, NULL, 'N;'),
('Rights1.Install.Error', 0, NULL, NULL, 'N;'),
('Rights1.Install.Ready', 0, NULL, NULL, 'N;'),
('Rights1.Install.Run', 0, NULL, NULL, 'N;'),
('Rights12.Assignment.*', 1, NULL, NULL, 'N;'),
('Rights12.Assignment.Revoke', 0, NULL, NULL, 'N;'),
('Rights12.Assignment.User', 0, NULL, NULL, 'N;'),
('Rights12.Assignment.View', 0, NULL, NULL, 'N;'),
('Rights12.AuthItem.*', 1, NULL, NULL, 'N;'),
('Rights12.AuthItem.Assign', 0, NULL, NULL, 'N;'),
('Rights12.AuthItem.Create', 0, NULL, NULL, 'N;'),
('Rights12.AuthItem.Delete', 0, NULL, NULL, 'N;'),
('Rights12.AuthItem.Generate', 0, NULL, NULL, 'N;'),
('Rights12.AuthItem.Operations', 0, NULL, NULL, 'N;'),
('Rights12.AuthItem.Permissions', 0, NULL, NULL, 'N;'),
('Rights12.AuthItem.RemoveChild', 0, NULL, NULL, 'N;'),
('Rights12.AuthItem.Revoke', 0, NULL, NULL, 'N;'),
('Rights12.AuthItem.Roles', 0, NULL, NULL, 'N;'),
('Rights12.AuthItem.Sortable', 0, NULL, NULL, 'N;'),
('Rights12.AuthItem.Tasks', 0, NULL, NULL, 'N;'),
('Rights12.AuthItem.Update', 0, NULL, NULL, 'N;'),
('Rights12.Install.*', 1, NULL, NULL, 'N;'),
('Rights12.Install.Confirm', 0, NULL, NULL, 'N;'),
('Rights12.Install.Ready', 0, NULL, NULL, 'N;'),
('Rights12.Install.Run', 0, NULL, NULL, 'N;'),
('Savedsearches.*', 1, NULL, NULL, 'N;'),
('Savedsearches.Addnew', 0, NULL, NULL, 'N;'),
('Savedsearches.Admin', 0, NULL, NULL, 'N;'),
('Savedsearches.Create', 0, NULL, NULL, 'N;'),
('Savedsearches.Delete', 0, NULL, NULL, 'N;'),
('Savedsearches.Index', 0, NULL, NULL, 'N;'),
('Savedsearches.Update', 0, NULL, NULL, 'N;'),
('Savedsearches.View', 0, NULL, NULL, 'N;'),
('Site.*', 1, NULL, NULL, 'N;'),
('Site.Autocomplete', 0, NULL, NULL, 'N;'),
('Site.Bookmark', 0, NULL, NULL, 'N;'),
('Site.Contact', 0, NULL, NULL, 'N;'),
('Site.Emanage', 0, NULL, NULL, 'N;'),
('Site.Error', 0, NULL, NULL, 'N;'),
('Site.Explorer', 0, NULL, NULL, 'N;'),
('Site.Index', 0, NULL, NULL, 'N;'),
('Site.Login', 0, NULL, NULL, 'N;'),
('Site.Logout', 0, NULL, NULL, 'N;'),
('Site.Manage', 0, NULL, NULL, 'N;'),
('Site.Search', 0, NULL, NULL, 'N;'),
('Site.Student', 0, NULL, NULL, 'N;'),
('student', 2, 'For student Portal', NULL, 'N;'),
('Studentportal.Default.*', 1, NULL, NULL, 'N;'),
('Studentportal.Default.Attendance', 0, NULL, NULL, 'N;'),
('Studentportal.Default.Exams', 0, NULL, NULL, 'N;'),
('Studentportal.Default.Fees', 0, NULL, NULL, 'N;'),
('Studentportal.Default.Index', 0, NULL, NULL, 'N;'),
('Studentportal.Default.Leftside', 0, NULL, NULL, 'N;'),
('Studentportal.Default.Messages', 0, NULL, NULL, 'N;'),
('Studentportal.Default.Profile', 0, NULL, NULL, 'N;'),
('Studentportal.Default.Reports', 0, NULL, NULL, 'N;'),
('Studentportal.Default.Viewmessage', 0, NULL, NULL, 'N;'),
('Students.Default.*', 1, NULL, NULL, 'N;'),
('Students.Default.Index', 0, NULL, NULL, 'N;'),
('Students.Guardians.*', 1, NULL, NULL, 'N;'),
('Students.Guardians.Addguardian', 0, NULL, NULL, 'N;'),
('Students.Guardians.Admin', 0, NULL, NULL, 'N;'),
('Students.Guardians.Create', 0, NULL, NULL, 'N;'),
('Students.Guardians.Delete', 0, NULL, NULL, 'N;'),
('Students.Guardians.Index', 0, NULL, NULL, 'N;'),
('Students.Guardians.Update', 0, NULL, NULL, 'N;'),
('Students.Guardians.View', 0, NULL, NULL, 'N;'),
('Students.Savedsearches.*', 1, NULL, NULL, 'N;'),
('Students.Savedsearches.Addnew', 0, NULL, NULL, 'N;'),
('Students.Savedsearches.Admin', 0, NULL, NULL, 'N;'),
('Students.Savedsearches.Create', 0, NULL, NULL, 'N;'),
('Students.Savedsearches.Delete', 0, NULL, NULL, 'N;'),
('Students.Savedsearches.Index', 0, NULL, NULL, 'N;'),
('Students.Savedsearches.Update', 0, NULL, NULL, 'N;'),
('Students.Savedsearches.View', 0, NULL, NULL, 'N;'),
('Students.StudentAdditionalFields.*', 1, NULL, NULL, 'N;'),
('Students.StudentAdditionalFields.Admin', 0, NULL, NULL, 'N;'),
('Students.StudentAdditionalFields.Create', 0, NULL, NULL, 'N;'),
('Students.StudentAdditionalFields.Delete', 0, NULL, NULL, 'N;'),
('Students.StudentAdditionalFields.Index', 0, NULL, NULL, 'N;'),
('Students.StudentAdditionalFields.Update', 0, NULL, NULL, 'N;'),
('Students.StudentAdditionalFields.View', 0, NULL, NULL, 'N;'),
('Students.StudentCategories.*', 1, NULL, NULL, 'N;'),
('Students.StudentCategories.Admin', 0, NULL, NULL, 'N;'),
('Students.StudentCategories.Create', 0, NULL, NULL, 'N;'),
('Students.StudentCategories.Delete', 0, NULL, NULL, 'N;'),
('Students.StudentCategories.Index', 0, NULL, NULL, 'N;'),
('Students.StudentCategories.Update', 0, NULL, NULL, 'N;'),
('Students.StudentCategories.View', 0, NULL, NULL, 'N;'),
('Students.StudentCategory.*', 1, NULL, NULL, 'N;'),
('Students.StudentCategory.Index', 0, NULL, NULL, 'N;'),
('Students.StudentCategory.ReturnForm', 0, NULL, NULL, 'N;'),
('Students.StudentCategory.ReturnView', 0, NULL, NULL, 'N;'),
('Students.StudentLeave.*', 1, NULL, NULL, 'N;'),
('Students.StudentLeave.Index', 0, NULL, NULL, 'N;'),
('Students.StudentLeave.ReturnForm', 0, NULL, NULL, 'N;'),
('Students.StudentLeave.ReturnView', 0, NULL, NULL, 'N;'),
('Students.StudentPreviousDatas.*', 1, NULL, NULL, 'N;'),
('Students.StudentPreviousDatas.Admin', 0, NULL, NULL, 'N;'),
('Students.StudentPreviousDatas.Create', 0, NULL, NULL, 'N;'),
('Students.StudentPreviousDatas.Delete', 0, NULL, NULL, 'N;'),
('Students.StudentPreviousDatas.Index', 0, NULL, NULL, 'N;'),
('Students.StudentPreviousDatas.Update', 0, NULL, NULL, 'N;'),
('Students.StudentPreviousDatas.View', 0, NULL, NULL, 'N;'),
('Students.Students.*', 1, NULL, NULL, 'N;'),
('Students.Students.Active', 0, NULL, NULL, 'N;'),
('Students.Students.Add', 0, NULL, NULL, 'N;'),
('Students.Students.Admin', 0, NULL, NULL, 'N;'),
('Students.Students.Assesments', 0, NULL, NULL, 'N;'),
('Students.Students.Attentance', 0, NULL, NULL, 'N;'),
('Students.Students.Batch', 0, NULL, NULL, 'N;'),
('Students.Students.Create', 0, NULL, NULL, 'N;'),
('Students.Students.Delete', 0, NULL, NULL, 'N;'),
('Students.Students.DisplaySavedImage', 0, NULL, NULL, 'N;'),
('Students.Students.Events', 0, NULL, NULL, 'N;'),
('Students.Students.Fees', 0, NULL, NULL, 'N;'),
('Students.Students.Inactive', 0, NULL, NULL, 'N;'),
('Students.Students.Index', 0, NULL, NULL, 'N;'),
('Students.Students.Manage', 0, NULL, NULL, 'N;'),
('Students.Students.Payfees', 0, NULL, NULL, 'N;'),
('Students.Students.Pdf', 0, NULL, NULL, 'N;'),
('Students.Students.Printpdf', 0, NULL, NULL, 'N;'),
('Students.Students.Remove', 0, NULL, NULL, 'N;'),
('Students.Students.Savesearch', 0, NULL, NULL, 'N;'),
('Students.Students.Search', 0, NULL, NULL, 'N;'),
('Students.Students.Update', 0, NULL, NULL, 'N;'),
('Students.Students.View', 0, NULL, NULL, 'N;'),
('Students.Students.Website', 0, NULL, NULL, 'N;'),
('Timetable.ClassTiming.*', 1, NULL, NULL, 'N;'),
('Timetable.ClassTiming.Index', 0, NULL, NULL, 'N;'),
('Timetable.ClassTiming.ReturnForm', 0, NULL, NULL, 'N;'),
('Timetable.ClassTiming.ReturnView', 0, NULL, NULL, 'N;');
INSERT INTO `authitem` (`name`, `type`, `description`, `bizrule`, `data`) VALUES
('Timetable.Default.*', 1, NULL, NULL, 'N;'),
('Timetable.Default.Index', 0, NULL, NULL, 'N;'),
('Timetable.TimetableEntries.*', 1, NULL, NULL, 'N;'),
('Timetable.TimetableEntries.Admin', 0, NULL, NULL, 'N;'),
('Timetable.TimetableEntries.Create', 0, NULL, NULL, 'N;'),
('Timetable.TimetableEntries.Delete', 0, NULL, NULL, 'N;'),
('Timetable.TimetableEntries.Dynamiccities', 0, NULL, NULL, 'N;'),
('Timetable.TimetableEntries.Index', 0, NULL, NULL, 'N;'),
('Timetable.TimetableEntries.Remove', 0, NULL, NULL, 'N;'),
('Timetable.TimetableEntries.Settime', 0, NULL, NULL, 'N;'),
('Timetable.TimetableEntries.Update', 0, NULL, NULL, 'N;'),
('Timetable.TimetableEntries.View', 0, NULL, NULL, 'N;'),
('Timetable.view.*', 1, NULL, NULL, 'N;'),
('Timetable.view.Index', 0, NULL, NULL, 'N;'),
('Timetable.view.ReturnForm', 0, NULL, NULL, 'N;'),
('Timetable.view.ReturnView', 0, NULL, NULL, 'N;'),
('Timetable.Weekdays.*', 1, NULL, NULL, 'N;'),
('Timetable.Weekdays.Addnew', 0, NULL, NULL, 'N;'),
('Timetable.Weekdays.Admin', 0, NULL, NULL, 'N;'),
('Timetable.Weekdays.Batch', 0, NULL, NULL, 'N;'),
('Timetable.Weekdays.Create', 0, NULL, NULL, 'N;'),
('Timetable.Weekdays.Delete', 0, NULL, NULL, 'N;'),
('Timetable.Weekdays.Exportpdf', 0, NULL, NULL, 'N;'),
('Timetable.Weekdays.Index', 0, NULL, NULL, 'N;'),
('Timetable.Weekdays.Pdf', 0, NULL, NULL, 'N;'),
('Timetable.Weekdays.Publish', 0, NULL, NULL, 'N;'),
('Timetable.Weekdays.Timetable', 0, NULL, NULL, 'N;'),
('Timetable.Weekdays.Update', 0, NULL, NULL, 'N;'),
('Timetable.Weekdays.View', 0, NULL, NULL, 'N;'),
('Translate.Edit.*', 1, NULL, NULL, 'N;'),
('Translate.Edit.Admin', 0, NULL, NULL, 'N;'),
('Translate.Edit.Create', 0, NULL, NULL, 'N;'),
('Translate.Edit.Delete', 0, NULL, NULL, 'N;'),
('Translate.Edit.Missing', 0, NULL, NULL, 'N;'),
('Translate.Edit.Missingdelete', 0, NULL, NULL, 'N;'),
('Translate.Edit.Update', 0, NULL, NULL, 'N;'),
('Translate.Translate.*', 1, NULL, NULL, 'N;'),
('Translate.Translate.Index', 0, NULL, NULL, 'N;'),
('Transport.BusLog.*', 1, NULL, NULL, 'N;'),
('Transport.BusLog.Admin', 0, NULL, NULL, 'N;'),
('Transport.BusLog.Create', 0, NULL, NULL, 'N;'),
('Transport.BusLog.Delete', 0, NULL, NULL, 'N;'),
('Transport.BusLog.Index', 0, NULL, NULL, 'N;'),
('Transport.BusLog.Manage', 0, NULL, NULL, 'N;'),
('Transport.BusLog.Update', 0, NULL, NULL, 'N;'),
('Transport.BusLog.View', 0, NULL, NULL, 'N;'),
('Transport.Default.*', 1, NULL, NULL, 'N;'),
('Transport.Default.Index', 0, NULL, NULL, 'N;'),
('Transport.DriverDetails.*', 1, NULL, NULL, 'N;'),
('Transport.DriverDetails.Admin', 0, NULL, NULL, 'N;'),
('Transport.DriverDetails.Assign', 0, NULL, NULL, 'N;'),
('Transport.DriverDetails.Create', 0, NULL, NULL, 'N;'),
('Transport.DriverDetails.Delete', 0, NULL, NULL, 'N;'),
('Transport.DriverDetails.Error', 0, NULL, NULL, 'N;'),
('Transport.DriverDetails.Index', 0, NULL, NULL, 'N;'),
('Transport.DriverDetails.Manage', 0, NULL, NULL, 'N;'),
('Transport.DriverDetails.Update', 0, NULL, NULL, 'N;'),
('Transport.DriverDetails.View', 0, NULL, NULL, 'N;'),
('Transport.FuelConsumption.*', 1, NULL, NULL, 'N;'),
('Transport.FuelConsumption.Admin', 0, NULL, NULL, 'N;'),
('Transport.FuelConsumption.Create', 0, NULL, NULL, 'N;'),
('Transport.FuelConsumption.Delete', 0, NULL, NULL, 'N;'),
('Transport.FuelConsumption.Index', 0, NULL, NULL, 'N;'),
('Transport.FuelConsumption.Update', 0, NULL, NULL, 'N;'),
('Transport.FuelConsumption.View', 0, NULL, NULL, 'N;'),
('Transport.RouteDetails.*', 1, NULL, NULL, 'N;'),
('Transport.RouteDetails.Admin', 0, NULL, NULL, 'N;'),
('Transport.RouteDetails.Create', 0, NULL, NULL, 'N;'),
('Transport.RouteDetails.Delete', 0, NULL, NULL, 'N;'),
('Transport.RouteDetails.Index', 0, NULL, NULL, 'N;'),
('Transport.RouteDetails.Manage', 0, NULL, NULL, 'N;'),
('Transport.RouteDetails.Routedetails', 0, NULL, NULL, 'N;'),
('Transport.RouteDetails.Update', 0, NULL, NULL, 'N;'),
('Transport.RouteDetails.View', 0, NULL, NULL, 'N;'),
('Transport.StopDetails.*', 1, NULL, NULL, 'N;'),
('Transport.StopDetails.Admin', 0, NULL, NULL, 'N;'),
('Transport.StopDetails.Create', 0, NULL, NULL, 'N;'),
('Transport.StopDetails.Delete', 0, NULL, NULL, 'N;'),
('Transport.StopDetails.Index', 0, NULL, NULL, 'N;'),
('Transport.StopDetails.Manage', 0, NULL, NULL, 'N;'),
('Transport.StopDetails.Update', 0, NULL, NULL, 'N;'),
('Transport.StopDetails.View', 0, NULL, NULL, 'N;'),
('Transport.Transportation.*', 1, NULL, NULL, 'N;'),
('Transport.Transportation.Admin', 0, NULL, NULL, 'N;'),
('Transport.Transportation.Autocomplete', 0, NULL, NULL, 'N;'),
('Transport.Transportation.Autocomplete1', 0, NULL, NULL, 'N;'),
('Transport.Transportation.Create', 0, NULL, NULL, 'N;'),
('Transport.Transportation.Delete', 0, NULL, NULL, 'N;'),
('Transport.Transportation.Error', 0, NULL, NULL, 'N;'),
('Transport.Transportation.Index', 0, NULL, NULL, 'N;'),
('Transport.Transportation.Routes', 0, NULL, NULL, 'N;'),
('Transport.Transportation.Settings', 0, NULL, NULL, 'N;'),
('Transport.Transportation.Studentsearch', 0, NULL, NULL, 'N;'),
('Transport.Transportation.Update', 0, NULL, NULL, 'N;'),
('Transport.Transportation.View', 0, NULL, NULL, 'N;'),
('Transport.VehicleDetails.*', 1, NULL, NULL, 'N;'),
('Transport.VehicleDetails.Admin', 0, NULL, NULL, 'N;'),
('Transport.VehicleDetails.Create', 0, NULL, NULL, 'N;'),
('Transport.VehicleDetails.Delete', 0, NULL, NULL, 'N;'),
('Transport.VehicleDetails.Index', 0, NULL, NULL, 'N;'),
('Transport.VehicleDetails.Manage', 0, NULL, NULL, 'N;'),
('Transport.VehicleDetails.Update', 0, NULL, NULL, 'N;'),
('Transport.VehicleDetails.View', 0, NULL, NULL, 'N;'),
('User.*', 1, NULL, NULL, 'N;'),
('User.Activation.*', 1, NULL, NULL, 'N;'),
('User.Activation.Activation', 0, NULL, NULL, 'N;'),
('User.Admin', 0, NULL, NULL, 'N;'),
('User.Admin.*', 1, NULL, NULL, 'N;'),
('User.Admin.Admin', 0, NULL, NULL, 'N;'),
('User.Admin.Create', 0, NULL, NULL, 'N;'),
('User.Admin.Delete', 0, NULL, NULL, 'N;'),
('User.Admin.Update', 0, NULL, NULL, 'N;'),
('User.Admin.View', 0, NULL, NULL, 'N;'),
('User.Create', 0, NULL, NULL, 'N;'),
('User.Default.*', 1, NULL, NULL, 'N;'),
('User.Default.Index', 0, NULL, NULL, 'N;'),
('User.Delete', 0, NULL, NULL, 'N;'),
('User.Index', 0, NULL, NULL, 'N;'),
('User.Login.*', 1, NULL, NULL, 'N;'),
('User.Login.Login', 0, NULL, NULL, 'N;'),
('User.Logout.*', 1, NULL, NULL, 'N;'),
('User.Logout.Logout', 0, NULL, NULL, 'N;'),
('User.Profile.*', 1, NULL, NULL, 'N;'),
('User.Profile.Changepassword', 0, NULL, NULL, 'N;'),
('User.Profile.Edit', 0, NULL, NULL, 'N;'),
('User.Profile.Profile', 0, NULL, NULL, 'N;'),
('User.ProfileField.*', 1, NULL, NULL, 'N;'),
('User.ProfileField.Admin', 0, NULL, NULL, 'N;'),
('User.ProfileField.Create', 0, NULL, NULL, 'N;'),
('User.ProfileField.Delete', 0, NULL, NULL, 'N;'),
('User.ProfileField.Update', 0, NULL, NULL, 'N;'),
('User.ProfileField.View', 0, NULL, NULL, 'N;'),
('User.Recovery.*', 1, NULL, NULL, 'N;'),
('User.Recovery.Recovery', 0, NULL, NULL, 'N;'),
('User.Registration.*', 1, NULL, NULL, 'N;'),
('User.Registration.Registration', 0, NULL, NULL, 'N;'),
('User.Update', 0, NULL, NULL, 'N;'),
('User.User.*', 1, NULL, NULL, 'N;'),
('User.User.Index', 0, NULL, NULL, 'N;'),
('User.User.View', 0, NULL, NULL, 'N;'),
('User.View', 0, NULL, NULL, 'N;'),
('UserSettings.*', 1, NULL, NULL, 'N;'),
('UserSettings.Admin', 0, NULL, NULL, 'N;'),
('UserSettings.Create', 0, NULL, NULL, 'N;'),
('UserSettings.Delete', 0, NULL, NULL, 'N;'),
('UserSettings.Index', 0, NULL, NULL, 'N;'),
('UserSettings.Update', 0, NULL, NULL, 'N;'),
('UserSettings.View', 0, NULL, NULL, 'N;');

--
-- Dumping data for table `authitemchild`
--

INSERT INTO `authitemchild` (`parent`, `child`) VALUES
('Authenticated', 'Guest'),
('student', 'Hostel.Allotment.*'),
('student', 'Hostel.Default.*'),
('student', 'Hostel.Floor.*'),
('student', 'Hostel.MessFee.*'),
('student', 'Hostel.MessManage.*'),
('student', 'Hostel.Registration.*'),
('student', 'Hostel.Room.*'),
('student', 'Library.Authors.*'),
('library', 'Library.Authors.Authordetails'),
('library', 'Library.Authors.Index'),
('library', 'Library.Authors.ReturnForm'),
('library', 'Library.Authors.ReturnView'),
('student', 'Library.Book.*'),
('library', 'Library.Book.Admin'),
('library', 'Library.Book.Allbooks'),
('library', 'Library.Book.Autocomplete'),
('library', 'Library.Book.Autocomplete1'),
('library', 'Library.Book.Bookdetails'),
('library', 'Library.Book.Booklist'),
('library', 'Library.Book.BookSearch'),
('library', 'Library.Book.Create'),
('library', 'Library.Book.Delete'),
('library', 'Library.Book.Index'),
('library', 'Library.Book.Manage'),
('library', 'Library.Book.Subjects'),
('library', 'Library.Book.Update'),
('library', 'Library.Book.View'),
('library', 'Library.BookFine.Admin'),
('library', 'Library.BookFine.Create'),
('library', 'Library.BookFine.Delete'),
('library', 'Library.BookFine.Index'),
('library', 'Library.BookFine.Update'),
('library', 'Library.BookFine.View'),
('library', 'Library.BorrowBook.Admin'),
('library', 'Library.BorrowBook.Autocomplete'),
('student', 'Library.Default.*'),
('parent', 'Mailbox.Ajax.*'),
('parent', 'Mailbox.Ajax.Auto'),
('parent', 'Mailbox.Default.*'),
('parent', 'Mailbox.Groups.*'),
('parent', 'Mailbox.Message.*'),
('parent', 'Mailbox.Message.Inbox'),
('parent', 'Mailbox.Message.New'),
('parent', 'Mailbox.Message.Reply'),
('parent', 'Mailbox.Message.Sent'),
('parent', 'Mailbox.Message.Trash'),
('parent', 'Mailbox.News.*'),
('parent', 'Mailbox.News.Index'),
('parent', 'Mailbox.News.Info'),
('parent', 'Mailbox.User.*'),
('parent', 'Messages.Compose.*'),
('student', 'Messages.Compose.*'),
('parent', 'Messages.Delete.*'),
('student', 'Messages.Delete.*'),
('parent', 'Messages.Inbox.*'),
('student', 'Messages.Inbox.*'),
('parent', 'Messages.Index.*'),
('student', 'Messages.Index.*'),
('parent', 'Messages.Sent.*'),
('student', 'Messages.Sent.*'),
('parent', 'Messages.Suggest.*'),
('student', 'Messages.Suggest.*'),
('parent', 'Messages.View.*'),
('student', 'Messages.View.*'),
('student', 'parent'),
('parent', 'Parentportal.Default.*'),
('parent', 'Parentportal.Default.Attendance'),
('parent', 'Parentportal.Default.Events'),
('student', 'Studentportal.Default.*'),
('student', 'Studentportal.Default.Attendance'),
('student', 'Studentportal.Default.Exams'),
('student', 'Studentportal.Default.Fees'),
('student', 'Studentportal.Default.Index'),
('student', 'Studentportal.Default.Leftside'),
('student', 'Studentportal.Default.Profile'),
('Authenticated', 'Students.Students.*');

--
-- Dumping data for table `blog_user`
--

INSERT INTO `blog_user` (`id`, `username`, `password`, `salt`, `email`, `profile`) VALUES
(1, 'admin', '85086cc748169c4d55265e585629d958', '5046e9bf5e4df2.93692799', 'webmaster@example.com', NULL),
(2, 'demo', 'a7fd45bb0ce0674973bc3b904f4a2dee', '5056bcbae704d9.47098758', 'webmaster@example.com', NULL),
(3, 'ram', '5ddc82bb699005cbb82b1762b8bb5a38', '500cf2e141bde2.08684101', '', NULL),
(4, 'rajith', 'cf852905b22b19bd216c95c43d23e176', '4fdeff089fab28.09813984', '', NULL),
(5, 'matt', '30a7c56fbc249e46e9f6a4cb8674f426', '4fdf18e12548e0.06506305', '', NULL),
(7, 'anupama', 'f0bd34de82913a2b09ea5b5af2078648', '4fffcbadd7f048.52108473', '', NULL),
(8, 'rajithtrap', '5dcb44634bc3761eaabbe1a72f91aef9', '5028dd56ccaf68.55152489', '', NULL);

--
-- Dumping data for table `configurations`
--

INSERT INTO `configurations` (`id`, `config_key`, `config_value`) VALUES
(1, 'InstitutionName', 'Mathews'),
(2, 'InstitutionAddress', ''),
(3, 'InstitutionPhoneNo', ''),
(4, 'StudentAttendanceType', 'Daily'),
(5, 'CurrencyType', ''),
(6, 'Locale', 'en_us'),
(7, 'AdmissionNumberAutoIncrement', '1'),
(8, 'EmployeeNumberAutoIncrement', '1'),
(9, 'TotalSmsCount', NULL),
(10, 'AvailableModules', NULL),
(11, 'AvailableModules', NULL),
(12, 'NetworkState', 'Online'),
(13, 'FinancialYearStartDate', '09/08/2012'),
(14, 'FinancialYearEndDate', '09/29/2012'),
(15, 'AutomaticLeaveReset', NULL),
(16, 'LeaveResetPeriod', NULL),
(17, 'LastAutoLeaveReset', NULL),
(18, 'logo', '0'),
(19, 'date_format', NULL),
(20, 'time_format', NULL);

--
-- Dumping data for table `countries`
--

INSERT INTO `countries` (`id`, `name`) VALUES
(1, 'Afghanistan'),
(2, 'Albania'),
(3, 'Algeria'),
(4, 'Andorra'),
(5, 'Angola'),
(6, 'Antigua & Deps'),
(7, 'Argentina'),
(8, 'Armenia'),
(9, 'Australia'),
(10, 'Austria'),
(11, 'Azerbaijan'),
(12, 'Bahamas'),
(13, 'Bahrain'),
(14, 'Bangladesh'),
(15, 'Barbados'),
(16, 'Belarus'),
(17, 'Belgium'),
(18, 'Belize'),
(19, 'Benin'),
(20, 'Bhutan'),
(21, 'Bolivia'),
(22, 'Bosnia Herzegovina'),
(23, 'Botswana'),
(24, 'Brazil'),
(25, 'Brunei'),
(26, 'Bulgaria'),
(27, 'Burkina'),
(28, 'Burundi'),
(29, 'Cambodia'),
(30, 'Cameroon'),
(31, 'Canada'),
(32, 'Cape Verde'),
(33, 'Central African Rep'),
(34, 'Chad'),
(35, 'Chile'),
(36, 'China'),
(37, 'Colombia'),
(38, 'Comoros'),
(39, 'Congo'),
(40, 'Congo {Democratic Rep}'),
(41, 'Costa Rica'),
(42, 'Croatia'),
(43, 'Cuba'),
(44, 'Cyprus'),
(45, 'Czech Republic'),
(46, 'Denmark'),
(47, 'Djibouti'),
(48, 'Dominica'),
(49, 'Dominican Republic'),
(50, 'East Timor'),
(51, 'Ecuador'),
(52, 'Egypt'),
(53, 'El Salvador'),
(54, 'Equatorial Guinea'),
(55, 'Eritrea'),
(56, 'Estonia'),
(57, 'Ethiopia'),
(58, 'Fiji'),
(59, 'Finland'),
(60, 'France'),
(61, 'Gabon'),
(62, 'Gambia'),
(63, 'Georgia'),
(64, 'Germany'),
(65, 'Ghana'),
(66, 'Greece'),
(67, 'Grenada'),
(68, 'Guatemala'),
(69, 'Guinea'),
(70, 'Guinea-Bissau'),
(71, 'Guyana'),
(72, 'Haiti'),
(73, 'Honduras'),
(74, 'Hungary'),
(75, 'Iceland'),
(76, 'India'),
(77, 'Indonesia'),
(78, 'Iran'),
(79, 'Iraq'),
(80, 'Ireland {Republic}'),
(81, 'Israel'),
(82, 'Italy'),
(83, 'Ivory Coast'),
(84, 'Jamaica'),
(85, 'Japan'),
(86, 'Jordan'),
(87, 'Kazakhstan'),
(88, 'Kenya'),
(89, 'Kiribati'),
(90, 'Korea North'),
(91, 'Korea South'),
(92, 'Kosovo'),
(93, 'Kuwait'),
(94, 'Kyrgyzstan'),
(95, 'Laos'),
(96, 'Latvia'),
(97, 'Lebanon'),
(98, 'Lesotho'),
(99, 'Liberia'),
(100, 'Libya'),
(101, 'Liechtenstein'),
(102, 'Lithuania'),
(103, 'Luxembourg'),
(104, 'Macedonia'),
(105, 'Madagascar'),
(106, 'Malawi'),
(107, 'Malaysia'),
(108, 'Maldives'),
(109, 'Mali'),
(110, 'Malta'),
(111, 'Montenegro'),
(112, 'Marshall Islands'),
(113, 'Mauritania'),
(114, 'Mauritius'),
(115, 'Mexico'),
(116, 'Micronesia'),
(117, 'Moldova'),
(118, 'Monaco'),
(119, 'Mongolia'),
(120, 'Morocco'),
(121, 'Mozambique'),
(122, 'Myanmar, {Burma}'),
(123, 'Namibia'),
(124, 'Nauru'),
(125, 'Nepal'),
(126, 'Netherlands'),
(127, 'New Zealand'),
(128, 'Nicaragua'),
(129, 'Niger'),
(130, 'Nigeria'),
(131, 'Norway'),
(132, 'Oman'),
(133, 'Pakistan'),
(134, 'Palau'),
(135, 'Panama'),
(136, 'Papua New Guinea'),
(137, 'Paraguay'),
(138, 'Peru'),
(139, 'Philippines'),
(140, 'Poland'),
(141, 'Portugal'),
(142, 'Qatar'),
(143, 'Romania'),
(144, 'Russian Federation'),
(145, 'Rwanda'),
(146, 'St Kitts & Nevis'),
(147, 'St Lucia'),
(148, 'Saint Vincent & the Grenadines'),
(149, 'Samoa'),
(150, 'San Marino'),
(151, 'Sao Tome & Principe'),
(152, 'Saudi Arabia'),
(153, 'Senegal'),
(154, 'Serbia'),
(155, 'Seychelles'),
(156, 'Sierra Leone'),
(157, 'Singapore'),
(158, 'Slovakia'),
(159, 'Slovenia'),
(160, 'Solomon Islands'),
(161, 'Somalia'),
(162, 'South Africa'),
(163, 'Spain'),
(164, 'Sri Lanka'),
(165, 'Sudan'),
(166, 'Suriname'),
(167, 'Swaziland'),
(168, 'Sweden'),
(169, 'Switzerland'),
(170, 'Syria'),
(171, 'Taiwan'),
(172, 'Tajikistan'),
(173, 'Tanzania'),
(174, 'Thailand'),
(175, 'Togo'),
(176, 'Tonga'),
(177, 'Trinidad & Tobago'),
(178, 'Tunisia'),
(179, 'Turkey'),
(180, 'Turkmenistan'),
(181, 'Tuvalu'),
(182, 'Uganda'),
(183, 'Ukraine'),
(184, 'United Arab Emirates'),
(185, 'United Kingdom'),
(186, 'United States'),
(187, 'Uruguay'),
(188, 'Uzbekistan'),
(189, 'Vanuatu'),
(190, 'Vatican City'),
(191, 'Venezuea'),
(192, 'Vietnam'),
(193, 'Yemen'),
(194, 'Zambia'),
(195, 'Zimbabwe');

--
-- Dumping data for table `events_user_preference`
--

INSERT INTO `events_user_preference` (`user_id`, `mobile`, `mobile_alert`, `email`, `email_alert`) VALUES
(1, NULL, 0, NULL, 0),
(4, NULL, 0, NULL, 0);

--
-- Dumping data for table `grading_levels`
--

INSERT INTO `grading_levels` (`id`, `name`, `batch_id`, `min_score`, `order`, `is_deleted`, `created_at`, `updated_at`) VALUES
(1, 'A', NULL, 90, NULL, 0, '2012-02-20 13:41:10', '2012-02-20 13:41:10'),
(2, 'B', NULL, 80, NULL, 0, '2012-02-20 13:41:10', '2012-02-20 13:41:10'),
(3, 'C', NULL, 70, NULL, 0, '2012-02-20 13:41:11', '2012-02-20 13:41:11'),
(4, 'D', NULL, 60, NULL, 0, '2012-02-20 13:41:11', '2012-02-20 13:41:11'),
(5, 'E', NULL, 50, NULL, 0, '2012-02-20 13:41:11', '2012-02-20 13:41:11'),
(6, 'F', NULL, 40, NULL, 0, '2012-02-20 13:41:11', '2012-02-20 13:41:11');

--
-- Dumping data for table `languages`
--

INSERT INTO `languages` (`id`, `name`, `code`) VALUES
(1, 'English', 'en'),
(2, 'Spanish', 'es');

--
-- Dumping data for table `menu`
--

INSERT INTO `menu` (`id`, `parent_id`, `title`, `url`, `class`, `position`, `group_id`) VALUES
(1, 0, 'Home', '/', '', 1, 1),
(2, 0, 'About', '/about.html', '', 2, 1),
(3, 2, 'Company Profile', '/company-profile.html', '', 1, 1),
(19, 0, 'Affiliate', '/affiliate.html', '', 3, 2),
(18, 0, 'Forum', '/forum', '', 2, 2),
(17, 0, 'Make Money', '/make-money.html', '', 1, 2),
(7, 0, 'Contact Us', '/contact-us.html', '', 5, 1),
(8, 0, 'Blog', '/blog', '', 4, 1),
(9, 0, 'Products', '/products', '', 3, 1),
(10, 9, 'Handicraft', '/products/handicraft', '', 1, 1),
(11, 9, 'Furniture', '/products/furniture', '', 2, 1),
(12, 10, 'Tissue Box', '/products/handicraft/tissue', '', 1, 1),
(13, 10, 'Frame', '/products/handicraft/frame', '', 2, 1),
(14, 11, 'Cabinet', '/products/furniture/cabinet', '', 1, 1),
(15, 11, 'Chair', '/products/furniture/chair', '', 2, 1),
(16, 11, 'Table', '/products/furniture/table', '', 3, 1),
(20, 0, 'Help', '/help', '', 4, 2),
(21, 20, 'Support Center', '/support-center.html', '', 1, 2),
(22, 20, 'Sitemap', '/sitemap.html', '', 2, 2),
(23, 0, 'Author Dashboard', '/author-dashboard', '', 1, 3),
(24, 0, 'My Profile', '/member/profile', '', 2, 3),
(25, 0, 'Settings', '/member/settings', '', 3, 3),
(26, 0, 'Downloads', '/member/downloads', '', 4, 3),
(27, 0, 'Bookmarks', '/member/bookmarks', '', 5, 3),
(28, 0, 'Logout', '/logout.php', '', 6, 3),
(29, 25, 'Profile', '/member/settings/profile', '', 1, 3),
(30, 25, 'Change Password', '/member/settings/password', '', 2, 3),
(31, 0, 'Menu 1', '', '', 1, 4),
(32, 31, 'Menu 1.1', '', '', 1, 4),
(33, 31, 'Menu 1.2', '', '', 2, 4),
(34, 0, 'Menu 2', '', '', 2, 4),
(35, 34, 'Menu 2.1', '', '', 1, 4),
(36, 35, 'Menu 2.1.1', '', '', 1, 4),
(37, 35, 'Menu 2.1.2', '', '', 2, 4),
(38, 34, 'Menu 2.2', '', '', 2, 4),
(39, 21, 'Popular Files', '/popular', '', 1, 2),
(40, 21, 'Top Authors', '/top', '', 2, 2),
(41, 21, 'Wordpress', '/wp', '', 3, 2);

--
-- Dumping data for table `menu_group`
--

INSERT INTO `menu_group` (`id`, `title`) VALUES
(1, 'Main Menu'),
(2, 'Footer Menu'),
(3, 'Member Menu'),
(4, 'Admin Menu');

--
-- Dumping data for table `privileges`
--

INSERT INTO `privileges` (`id`, `name`, `created_at`, `updated_at`, `description`) VALUES
(1, 'ExaminationControl', '2012-02-20 13:41:16', '2012-02-20 13:41:16', 'examination_control_privilege'),
(2, 'EnterResults', '2012-02-20 13:41:16', '2012-02-20 13:41:16', 'enter_results_privilege'),
(3, 'ViewResults', '2012-02-20 13:41:16', '2012-02-20 13:41:16', 'view_results_privilege'),
(4, 'Admission', '2012-02-20 13:41:16', '2012-02-20 13:41:16', 'admission_privilege'),
(5, 'StudentsControl', '2012-02-20 13:41:16', '2012-02-20 13:41:16', 'students_control_privilege'),
(6, 'ManageNews', '2012-02-20 13:41:16', '2012-02-20 13:41:16', 'manage_news_privilege'),
(7, 'ManageTimetable', '2012-02-20 13:41:16', '2012-02-20 13:41:16', 'manage_timetable_privilege'),
(8, 'StudentAttendanceView', '2012-02-20 13:41:16', '2012-02-20 13:41:16', 'student_attendance_view_privilege'),
(9, 'HrBasics', '2012-02-20 13:41:16', '2012-02-20 13:41:16', 'hr_basics_privilege'),
(10, 'AddNewBatch', '2012-02-20 13:41:16', '2012-02-20 13:41:16', 'add_new_batch_privilege'),
(11, 'SubjectMaster', '2012-02-20 13:41:16', '2012-02-20 13:41:16', 'subject_master_privilege'),
(12, 'EventManagement', '2012-02-20 13:41:16', '2012-02-20 13:41:16', 'event_management_privilege'),
(13, 'GeneralSettings', '2012-02-20 13:41:17', '2012-02-20 13:41:17', 'general_settings_privilege'),
(14, 'FinanceControl', '2012-02-20 13:41:17', '2012-02-20 13:41:17', 'finance_control_privilege'),
(15, 'TimetableView', '2012-02-20 13:41:17', '2012-02-20 13:41:17', 'timetable_view_privilege'),
(16, 'StudentAttendanceRegister', '2012-02-20 13:41:17', '2012-02-20 13:41:17', 'student_attendance_register_privilege'),
(17, 'EmployeeAttendance', '2012-02-20 13:41:17', '2012-02-20 13:41:17', 'employee_attendance_privilege'),
(18, 'PayslipPowers', '2012-02-20 13:41:17', '2012-02-20 13:41:17', 'payslip_powers_privilege'),
(19, 'EmployeeSearch', '2012-02-20 13:41:17', '2012-02-20 13:41:17', 'employee_search_privilege'),
(20, 'SMSManagement', '2012-02-20 13:41:17', '2012-02-20 13:41:17', 'sms_management_privilege');

--
-- Dumping data for table `profiles`
--

INSERT INTO `profiles` (`user_id`, `lastname`, `firstname`) VALUES
(1, 'Admin', 'Administrator');

--
-- Dumping data for table `profiles_fields`
--

INSERT INTO `profiles_fields` (`id`, `varname`, `title`, `field_type`, `field_size`, `field_size_min`, `required`, `match`, `range`, `error_message`, `other_validator`, `default`, `widget`, `widgetparams`, `position`, `visible`) VALUES
(1, 'lastname', 'Last Name', 'VARCHAR', '50', '3', 1, '', '', 'Incorrect Last Name (length between 3 and 50 characters).', '', '', '', '', 1, 3),
(2, 'firstname', 'First Name', 'VARCHAR', '50', '3', 1, '', '', 'Incorrect First Name (length between 3 and 50 characters).', '', '', '', '', 0, 3);

--
-- Dumping data for table `schema_migrations`
--

INSERT INTO `schema_migrations` (`version`) VALUES
('20090622100004'),
('20090622102004'),
('20090622104053'),
('20090622104054'),
('20090622114927'),
('20090622115927'),
('20090703074822'),
('20090706170408'),
('20090715234257'),
('20090715234258'),
('20090717124241'),
('20090717126241'),
('20090718050113'),
('20090718050453'),
('20090718050921'),
('20090718052749'),
('20090731092833'),
('20090818045411'),
('20090818050018'),
('20090904071048'),
('20090904071548'),
('20090904071642'),
('20090904071905'),
('20090904071906'),
('20090904071907'),
('20090904071908'),
('20090904071909'),
('20090910062751'),
('20090914095002'),
('20090914114212'),
('20090916052300'),
('20090917052349'),
('20090917065256'),
('20090924081520'),
('20090926071527'),
('20091009093746'),
('20091026065251'),
('20091202050910'),
('20091202053600'),
('20091202104818'),
('20091207084711'),
('20091207085849'),
('20091207090412'),
('20091217191652'),
('20091217201118'),
('20091224063502'),
('20100403073735'),
('20100403092229'),
('20100403093355'),
('20100412105036'),
('20100412105116'),
('20100422110336'),
('20100426094532'),
('20100429093616'),
('20100505075459'),
('20100515063157'),
('20100515063814'),
('20100520073311'),
('20100524093457'),
('20100525055716'),
('20100602115152'),
('20100604103435'),
('20100604103916'),
('20100604104308'),
('20100604104759'),
('20100609073016'),
('20100609074544'),
('20100730092747'),
('20100731053458'),
('20100731054033'),
('20100731055437'),
('20101209063633'),
('20110221051223'),
('20110419101802'),
('20110510121550'),
('20110511053223'),
('20110516110336'),
('20110706114907'),
('20110711100500'),
('20110721122326'),
('20110728115723'),
('20110729055539'),
('20110730100503'),
('20110805072425'),
('20110810052138'),
('20110912062640'),
('20110928054502'),
('20111015111840'),
('20111020074717'),
('20111105052819');

--
-- Dumping data for table `sms_settings`
--

INSERT INTO `sms_settings` (`id`, `settings_key`, `is_enabled`) VALUES
(1, 'ApplicationEnabled', 0),
(2, 'ParentSmsEnabled', 0),
(3, 'EmployeeSmsEnabled', 0),
(4, 'StudentSmsEnabled', 0),
(5, 'ResultPublishEnabled', 0),
(6, 'StudentAdmissionEnabled', 0),
(7, 'ExamScheduleResultEnabled', 0),
(8, 'AttendanceEnabled', 0),
(9, 'NewsEventsEnabled', 0);

--
-- Dumping data for table `sourcemessage`
--

INSERT INTO `sourcemessage` (`id`, `category`, `message`) VALUES
(1, 'app', 'Home'),
(2, 'job', '<span>Save Filter</span>'),
(3, 'cms', '<h1>Manage Fees</h1>'),
(4, 'cms', 'Fees<span>Create and Manage Fee collections</span>'),
(5, 'cms', 'Collect Fees <span>Fees collection</span>'),
(6, 'cms', 'Fee Categories<span>Create and Manage Fee Categories</span>'),
(7, 'cms', 'Fees<span>Lorem ipsum dolor sit amet,</span>'),
(8, 'cms', 'Set grading levels<span>Grading Levels for the batch</span>'),
(9, 'cms', '<h1>Exam Management</h1>'),
(10, 'cms', 'New Exam<span>create exam</span>'),
(11, 'app', 'Students'),
(12, 'app', 'Employees'),
(13, 'app', 'Courses'),
(14, 'app', 'Library'),
(15, 'app', 'Fees'),
(16, 'app', 'Examination'),
(17, 'app', 'Hostel'),
(18, 'app', 'Settings'),
(19, 'app', 'Website'),
(20, 'app', 'Attendance'),
(21, 'app', 'Reports'),
(22, 'app', 'Timetable'),
(23, 'app', 'Transport'),
(24, 'app', 'Translate'),
(25, 'app', 'User'),
(26, 'app', 'Rights'),
(27, 'app', '<span>Create New Category</span>'),
(28, 'app', 'No.'),
(29, 'app', 'Category Name'),
(30, 'app', 'Status'),
(31, 'app', 'No. of Students'),
(32, 'app', 'Actions'),
(33, 'admin_student-categories', 'Are you sure you want to delete this student-categories?'),
(34, 'admin_student-categories', 'Delete Confirmation'),
(35, 'admin_student-categories', 'Delete'),
(36, 'admin_student-categories', 'Cancel'),
(37, 'admin_student-categories', 'Update'),
(38, 'admin_student-categories', 'View'),
(39, 'admin_student-categories', 'View Students'),
(40, 'app', 'Admissions Dashboard'),
(41, 'app', '<strong>Total Students</strong>'),
(42, 'app', '<strong>New Admissions</strong>'),
(43, 'app', '<strong>Pending Leads</strong>'),
(44, 'app', '<strong>Recent Admissions</strong>'),
(45, 'app', 'Date'),
(46, 'app', 'Student Name'),
(47, 'app', 'Admission No.'),
(48, 'app', 'Course/Batch'),
(49, 'app', 'Gender'),
(50, 'UserModule', 'Login'),
(51, 'UserModule.user', 'Login'),
(52, 'UserModule', 'Please fill out the following form with your login credentials:'),
(53, 'UserModule.user', 'Please fill out the following form with your login credentials:'),
(54, 'UserModule', 'Fields with <span class="required">*</span> are required.'),
(55, 'UserModule.user', 'Fields with <span class="required">*</span> are required.'),
(56, 'UserModule', 'Remember me next time'),
(57, 'UserModule.user', 'Remember me next time'),
(58, 'UserModule', 'username or email'),
(59, 'UserModule.user', 'username or email'),
(60, 'UserModule', 'password'),
(61, 'UserModule.user', 'password'),
(62, 'UserModule', 'Register'),
(63, 'UserModule.user', 'Register'),
(64, 'UserModule', 'Lost Password?'),
(65, 'UserModule.user', 'Lost Password?'),
(66, 'courses', 'General Settings<span>Lorem ipsum dolor sit amet,</span>'),
(67, 'courses', '<h1>Courses & Batches</h1>'),
(68, 'courses', 'List Courses & Batches<span>Lorem ipsum dolor sit amet,</span>'),
(69, 'courses', 'Create Courses<span>Lorem ipsum dolor sit amet,</span>'),
(70, 'courses', 'Manage Courses & Batches'),
(71, 'courses', 'Edit'),
(72, 'courses', 'Delete'),
(73, 'courses', 'Add Batch'),
(74, 'courses', 'Batch Name'),
(75, 'courses', 'Start Date'),
(76, 'courses', 'End Date'),
(77, 'courses', 'Actions'),
(78, 'courses', 'Add Student'),
(79, 'batch', '<strong>Batch: </strong> '),
(80, 'batch', 'Students'),
(81, 'batch', 'Subjects'),
(82, 'batch', 'Employees'),
(83, 'batch', '<strong>Class Teacher :</strong> '),
(84, 'batch', 'Actions'),
(85, 'batch', 'Add Student'),
(86, 'batch', 'New Subject'),
(87, 'batch', 'Mark Attendance'),
(88, 'batch', 'Promote Batch'),
(89, 'batch', 'Deactivate Batch'),
(90, 'batch', ' <strong>Batch: </strong>'),
(91, 'batch', 'Timetable'),
(92, 'batch', 'Attendences'),
(93, 'batch', 'Assessments'),
(94, 'batch', 'Settings'),
(95, 'batch', '<span>Add Student</span>'),
(96, 'batch', 'Sl no.'),
(97, 'batch', 'Student Name'),
(98, 'batch', 'Admission Number'),
(99, 'batch', 'Gender'),
(100, 'batch', 'Add Leave<span>for add leave</span>'),
(101, 'batch', 'Make Inactive<span>for add leave</span>'),
(102, 'batch', 'Inactive Students'),
(103, 'batch', '<i>No InActive Students In This Batch</i>'),
(104, 'weekdays', '<span>Set Week Days</span>'),
(105, 'weekdays', '<span>Set Class Timings</span>'),
(106, 'weekdays', 'Publish Time Table'),
(107, 'weekdays', 'Generate PDF'),
(108, 'weekdays', 'SUN'),
(109, 'job', 'Assign'),
(110, 'weekdays', 'MON'),
(111, 'weekdays', 'TUE'),
(112, 'weekdays', 'WED'),
(113, 'weekdays', 'THU'),
(114, 'weekdays', 'FRI'),
(115, 'weekdays', 'SAT'),
(116, 'weekdays', '<span>Time Table</span>'),
(117, 'weekdays', 'Sunday'),
(118, 'weekdays', 'Monday'),
(119, 'weekdays', 'Tuesday'),
(120, 'weekdays', 'Wednesday'),
(121, 'weekdays', 'Thursday'),
(122, 'weekdays', 'Friday'),
(123, 'weekdays', 'Saturday'),
(124, 'admin_subjects', 'Are you sure you want to delete this subject?'),
(125, 'admin_subjects', 'Delete Confirmation'),
(126, 'admin_subjects', 'Delete'),
(127, 'admin_subjects', 'Cancel'),
(128, 'admin_subjects', 'Update'),
(129, 'admin_subjects', 'View'),
(130, 'admin_exam-groups', 'Are you sure you want to delete this exam-groups?'),
(131, 'admin_exam-groups', 'Delete Confirmation'),
(132, 'admin_exam-groups', 'Delete'),
(133, 'admin_exam-groups', 'Cancel'),
(134, 'admin_exam-groups', 'Update'),
(135, 'admin_exam-groups', 'View'),
(136, 'admin_grading-levels', 'Are you sure you want to delete this grading-levels?'),
(137, 'admin_grading-levels', 'Delete Confirmation'),
(138, 'admin_grading-levels', 'Delete'),
(139, 'admin_grading-levels', 'Cancel'),
(140, 'admin_grading-levels', 'Update'),
(141, 'admin_grading-levels', 'View'),
(142, 'exams', 'Create Exams'),
(143, 'exams', ' Enter exam related details here:'),
(144, 'exams', '<i>Exams Created For All Subjects</i>'),
(145, 'exams', 'Scheduled Subjects'),
(146, 'exam', '<span>Create Exam</span>'),
(147, 'exam', '<span>Grading Levels</span>'),
(148, 'exams', 'Exams'),
(149, 'exams', 'Manage Exams'),
(150, 'exams', 'max_mark'),
(151, 'exams', 'min_mark'),
(152, 'exams', 'Subject name'),
(153, 'exams', 'Max Marks'),
(154, 'exams', 'Min Marks'),
(155, 'exams', 'Start Time'),
(156, 'exams', 'End Time'),
(157, 'exams', 'Do not create'),
(158, 'exams', '<i>Nothing Scheduled</i>'),
(159, 'job', 'll'),
(160, 'message', 'Select All'),
(161, 'message', 'Compose Mail'),
(162, 'employees', 'Create Employee<span>Lorem ipsum dolor sit amet,</span>'),
(163, 'employees', '<h1>Employee Leave Management</h1>'),
(164, 'employees', 'Add Leave Type<span>Lorem ipsum dolor sit amet,</span>'),
(165, 'employees', 'Attendance Register<span>Lorem ipsum dolor sit amet,</span>'),
(166, 'employees', 'Subject Association<span>Lorem ipsum dolor sit amet,</span>'),
(167, 'employees', 'Manage Category<span>Lorem ipsum dolor sit amet,</span>'),
(168, 'employees', 'Manage Department<span>Lorem ipsum dolor sit amet,</span>'),
(169, 'employees', 'Manage Positions<span>Lorem ipsum dolor sit amet,</span>'),
(170, 'employees', 'Manage Grades<span>Lorem ipsum dolor sit amet,</span>'),
(171, 'employees', 'Employees Dashboard'),
(172, 'employees', '<strong>Total Employees</strong>'),
(173, 'employees', '<strong>New Admissions</strong>'),
(174, 'employees', '<strong>Inactive Users</strong>'),
(175, 'employees', '<strong>Recent Employee Admissions</strong>'),
(176, 'employees', 'Date'),
(177, 'employees', 'Employee Name'),
(178, 'employees', 'Employee No:'),
(179, 'employees', 'Department'),
(180, 'employees', 'Position'),
(181, 'students', 'Admissions Dashboard'),
(182, 'students', '<strong>Total Students</strong>'),
(183, 'students', '<strong>New Admissions</strong>'),
(184, 'students', '<strong>Inactive Students</strong>'),
(185, 'students', '<strong>Recent Admissions</strong>'),
(186, 'students', 'Date'),
(187, 'students', 'Student Name'),
(188, 'students', 'Admission No.'),
(189, 'students', 'Course/Batch'),
(190, 'students', 'Gender'),
(191, 'students', '<span>Create New Category</span>'),
(192, 'students', 'Category Name'),
(193, 'students', 'Status'),
(194, 'students', 'No. of Students'),
(195, 'students', 'Actions'),
(196, 'admin_student-categories', 'Are you sure you want to delete this student category?'),
(197, 'students', 'Manage Students'),
(198, 'students', 'Save Filter'),
(199, 'students', 'Load Filter'),
(200, 'students', 'Clear All'),
(201, 'students', 'Import Contact'),
(202, 'students', 'Add Student'),
(203, 'students', 'Filter Your Students:'),
(204, 'students', 'Name'),
(205, 'students', 'Admission number'),
(206, 'students', 'Batch'),
(207, 'students', 'Course'),
(208, 'students', 'Blood Group'),
(209, 'students', 'Country'),
(210, 'students', 'Date Of Birth'),
(211, 'students', 'Admission Date'),
(212, 'students', '<strong>Active Filters:</strong>'),
(213, 'students', '<i>No Active Filters</i>'),
(214, 'students', 'All'),
(215, 'students', 'A'),
(216, 'students', 'B'),
(217, 'students', 'C'),
(218, 'students', 'D'),
(219, 'students', 'E'),
(220, 'students', 'F'),
(221, 'students', 'G'),
(222, 'students', 'H'),
(223, 'students', 'I'),
(224, 'students', 'J'),
(225, 'students', 'K'),
(226, 'students', 'L'),
(227, 'students', 'M'),
(228, 'students', 'N'),
(229, 'students', 'O'),
(230, 'students', 'P'),
(231, 'students', 'Q'),
(232, 'students', 'R'),
(233, 'students', 'S'),
(234, 'students', 'T'),
(235, 'students', 'U'),
(236, 'students', 'V'),
(237, 'students', 'W'),
(238, 'students', 'X'),
(239, 'students', 'Y'),
(240, 'students', 'Z'),
(241, 'students', 'Sl. No.'),
(242, 'students', 'New Admission'),
(243, 'students', 'admission_no'),
(244, 'students', 'admission_date'),
(245, 'students', 'first_name'),
(246, 'students', 'middle_name'),
(247, 'students', 'last_name'),
(248, 'students', 'batch_id'),
(249, 'students', 'date_of_birth'),
(250, 'students', 'blood_group'),
(251, 'students', 'birth_place'),
(252, 'students', 'nationality_id'),
(253, 'students', 'language'),
(254, 'students', 'religion'),
(255, 'students', 'student_category_id'),
(256, 'students', 'address_line1'),
(257, 'students', 'address_line2'),
(258, 'students', 'city'),
(259, 'students', 'state'),
(260, 'students', 'pin_code'),
(261, 'students', 'country_id'),
(262, 'students', 'phone1'),
(263, 'students', 'phone2'),
(264, 'students', 'email'),
(265, 'students', '<strong style="color:#000">Upload Photo</strong>'),
(266, 'hostel', 'List Room Details<span>List all rooms here</span>'),
(267, 'hostel', 'Search Room<span>List all rooms here</span>'),
(268, 'hostel', 'Add new hostel<span>List all rooms here</span>'),
(269, 'hostel', 'Add Room Details<span>List all rooms here</span>'),
(270, 'hostel', 'Add Mess Details<span>List all rooms here</span>'),
(271, 'hostel', 'Allot Room<span>List all rooms here</span>'),
(272, 'hostel', 'Change Room<span>List all rooms here</span>'),
(273, 'hostel', 'Vacate<span>List all rooms here</span>'),
(274, 'hostel', 'View Student Details<span>List all rooms here</span>'),
(275, 'hostel', 'Mess Manage<span>List all rooms here</span>'),
(276, 'hostel', 'View Mess Dues<span>List all rooms here</span>'),
(277, 'hostel', 'Create Floor'),
(278, 'hostel', 'Hostel Name'),
(279, 'hostel', 'floor_no'),
(280, 'hostel', 'No Of Rooms'),
(281, 'hostel', 'Student Details'),
(282, 'hostel', 'Student ID'),
(283, 'hostel', 'Create Hosteldetails'),
(284, 'hostel', 'hostel_name'),
(285, 'hostel', 'Address'),
(286, 'hostel', 'Create FoodInfo'),
(287, 'hostel', 'food_preference'),
(288, 'hostel', 'amount'),
(289, 'hostel', 'Mess Manage'),
(290, 'hostel', 'Student Name'),
(291, 'hostel', 'Room No'),
(292, 'hostel', 'Bed No'),
(293, 'hostel', 'Food Habit'),
(294, 'hostel', 'Action'),
(295, 'hostel', ' Paid'),
(296, 'transport', 'Mange Route'),
(297, 'transport', 'List All Routes<span>Route Details</span>'),
(298, 'transport', 'Assign Route<span>Route Details</span>'),
(299, 'transport', 'Search Students<span>Route Details</span>'),
(300, 'transport', 'Allotment<span>Route Details</span>'),
(301, 'transport', 'Vehicle Details<span>Route Details</span>'),
(302, 'transport', 'Route Details<span>Route Details</span>'),
(303, 'transport', 'Driver Details<span>Route Details</span>'),
(304, 'transport', 'Bus Log<span>Route Details</span>'),
(305, 'transport', 'Transportation'),
(306, 'transport', 'student_id'),
(307, 'transport', 'Route'),
(308, 'transport', 'stop_id'),
(309, 'settings', 'General Settings<span>Lorem ipsum dolor sit amet,</span>'),
(310, 'settings', '<h1>User Settings</h1>'),
(311, 'settings', 'Create New User<span>Lorem ipsum dolor sit amet,</span>'),
(312, 'settings', 'Manage Users<span>Lorem ipsum dolor sit amet,</span>'),
(313, 'settings', '<h1>Courses & Batches</h1>'),
(314, 'settings', 'List Courses & Batches<span>Lorem ipsum dolor sit amet,</span>'),
(315, 'settings', 'Create Courses<span>Lorem ipsum dolor sit amet,</span>'),
(316, 'settings', 'School / College Name'),
(317, 'settings', 'School/College Address'),
(318, 'settings', 'School/College Phone'),
(319, 'settings', 'Finance year start date'),
(320, 'settings', 'Finance year end date'),
(321, 'settings', 'Language'),
(322, 'settings', 'Currency Type'),
(323, 'settings', 'Network State'),
(324, 'settings', 'Date Format'),
(325, 'settings', 'Time Format'),
(326, 'settings', 'Time Zone'),
(327, 'settings', 'Select Language'),
(328, 'settings', 'Upload Logo'),
(329, 'settings', 'Enable Auto increment Student admission no.'),
(330, 'settings', 'Enable Auto increment Employee no.'),
(331, 'job', '<h2>Save Search</h2>'),
(332, 'job', 'Save'),
(333, 'students', '<strong>Course&nbsp;:</strong>'),
(334, 'students', '<strong>Batch&nbsp;:</strong>'),
(335, 'students', '<strong>Adm No&nbsp;:</strong>'),
(336, 'students', 'Student Profile :'),
(337, 'students', '<span>Edit</span>'),
(338, 'students', '<span>Students</span>'),
(339, 'students', 'Profile'),
(340, 'students', 'Assessments'),
(341, 'students', 'Attendance'),
(342, 'students', 'Fees'),
(343, 'students', 'General'),
(344, 'students', 'Class Roll No'),
(345, 'students', 'Birth Place'),
(346, 'students', 'Nationality'),
(347, 'students', 'Pin Code'),
(348, 'students', 'Address Line1'),
(349, 'students', 'Address Line 2'),
(350, 'students', 'Phone 1'),
(351, 'students', 'Phone 2'),
(352, 'students', 'Category'),
(353, 'students', 'Emergeny Contact'),
(354, 'students', 'In case of emergencies,'),
(355, 'students', ' contact : '),
(356, 'students', 'Edit'),
(357, 'students', 'Student Previous Datas'),
(358, 'students', 'Add another Previous Data'),
(359, 'students', 'Exam Group Name'),
(360, 'students', 'Subject'),
(361, 'students', 'Marks'),
(362, 'students', 'Result'),
(363, 'students', 'Pending Fees'),
(364, 'students', '<i>No Pending Fees</i>'),
(365, 'students', 'Paid Fees'),
(366, 'library', 'Mange Books'),
(367, 'library', 'Search Books<span>Search all books here</span>'),
(368, 'library', 'List Books<span>Search all books here</span>'),
(369, 'library', 'Add Book<span>Search all books here</span>'),
(370, 'library', 'Borrow Book<span>Search all books here</span>'),
(371, 'library', 'Return Book<span>Search all books here</span>'),
(372, 'library', 'View Book Details<span>Search all books here</span>'),
(373, 'library', 'Due Dates<span>Search all books here</span>'),
(374, 'library', 'Add Book Category<span>Search all books here</span>'),
(375, 'library', 'View Student Details<span>Search all books here</span>'),
(376, 'library', 'View Authors <span>Search all books here</span>'),
(377, 'settings', 'General Settings'),
(378, 'settings', 'School Setup<span>School Name,Logo..</span>'),
(379, 'settings', 'News &amp; Events<span>Create/View Events</span>'),
(380, 'settings', 'Enrollment Settings'),
(381, 'settings', 'Manage Category<span>Admins &amp; Class Teachers</span>'),
(382, 'settings', 'Course/Batch Settings'),
(383, 'settings', 'Manage Courses<span>Create,Manage &amp; Reorder</span>'),
(384, 'settings', 'Default Subjects<span>Site Wide Default Subjects</span>'),
(385, 'settings', 'Subject-Batch Association<span>Associate Cources to Subjects</span>'),
(386, 'settings', 'Default Weekdays<span>Default School Weekdays</span>'),
(387, 'settings', 'Employee Settings'),
(388, 'settings', 'Subject Association<span>Associate Cources to Subjects</span>'),
(389, 'settings', 'Manage Categories<span>Employee Categories</span>'),
(390, 'settings', 'Manage Department<span>Employee Departments</span>'),
(391, 'settings', 'Manage Positions<span>Employee Positions</span>'),
(392, 'settings', 'Financial Settings'),
(393, 'settings', 'Manage Categories<span>Fee Categories</span>'),
(394, 'UserModule', 'Users'),
(395, 'UserModule.user', 'Users'),
(396, 'UserModule', 'Create'),
(397, 'UserModule.user', 'Create'),
(398, 'UserModule', 'Manage Users'),
(399, 'UserModule.user', 'Manage Users'),
(400, 'UserModule', 'Manage Profile Field'),
(401, 'UserModule.user', 'Manage Profile Field'),
(402, 'UserModule', 'List User'),
(403, 'UserModule.user', 'List User'),
(404, 'UserModule', 'Create User'),
(405, 'UserModule.user', 'Create User'),
(406, 'user', 'username'),
(407, 'UserModule', 'Incorrect username (length between 3 and 20 characters).'),
(408, 'UserModule.user', 'Incorrect username (length between 3 and 20 characters).'),
(409, 'UserModule', 'Incorrect password (minimal length 4 symbols).'),
(410, 'UserModule.user', 'Incorrect password (minimal length 4 symbols).'),
(411, 'UserModule', 'This user''s name already exists.'),
(412, 'UserModule.user', 'This user''s name already exists.'),
(413, 'UserModule', 'This user''s email address already exists.'),
(414, 'UserModule.user', 'This user''s email address already exists.'),
(415, 'UserModule', 'Incorrect symbols (A-z0-9).'),
(416, 'UserModule.user', 'Incorrect symbols (A-z0-9).'),
(417, 'UserModule', 'Id'),
(418, 'UserModule.user', 'Id'),
(419, 'UserModule', 'username'),
(420, 'UserModule.user', 'username'),
(421, 'UserModule', 'Retype Password'),
(422, 'UserModule.user', 'Retype Password'),
(423, 'UserModule', 'E-mail'),
(424, 'UserModule.user', 'E-mail'),
(425, 'UserModule', 'Verification Code'),
(426, 'UserModule.user', 'Verification Code'),
(427, 'UserModule', 'activation key'),
(428, 'UserModule.user', 'activation key'),
(429, 'UserModule', 'Registration date'),
(430, 'UserModule.user', 'Registration date'),
(431, 'UserModule', 'Last visit'),
(432, 'UserModule.user', 'Last visit'),
(433, 'UserModule', 'Superuser'),
(434, 'UserModule.user', 'Superuser'),
(435, 'UserModule', 'Status'),
(436, 'UserModule.user', 'Status'),
(437, 'user', 'password'),
(438, 'user', 'email'),
(439, 'user', 'superuser'),
(440, 'UserModule', 'Not active'),
(441, 'UserModule.user', 'Not active'),
(442, 'UserModule', 'Active'),
(443, 'UserModule.user', 'Active'),
(444, 'UserModule', 'Banned'),
(445, 'UserModule.user', 'Banned'),
(446, 'UserModule', 'No'),
(447, 'UserModule.user', 'No'),
(448, 'UserModule', 'Yes'),
(449, 'UserModule.user', 'Yes'),
(450, 'user', 'status'),
(451, 'UserModule', 'Incorrect First Name (length between 3 and 50 characters).'),
(452, 'UserModule.user', 'Incorrect First Name (length between 3 and 50 characters).'),
(453, 'UserModule', 'Incorrect Last Name (length between 3 and 50 characters).'),
(454, 'UserModule.user', 'Incorrect Last Name (length between 3 and 50 characters).'),
(455, 'UserModule', 'User ID'),
(456, 'UserModule.user', 'User ID'),
(457, 'UserModule', 'First Name'),
(458, 'UserModule.user', 'First Name'),
(459, 'UserModule', 'Last Name'),
(460, 'UserModule.user', 'Last Name'),
(461, 'UserModule', 'Profile Fields'),
(462, 'UserModule.user', 'Profile Fields'),
(463, 'UserModule', 'Manage'),
(464, 'UserModule.user', 'Manage'),
(465, 'UserModule', 'Create Profile Field'),
(466, 'UserModule.user', 'Create Profile Field'),
(467, 'UserModule', 'Manage Profile Fields'),
(468, 'UserModule.user', 'Manage Profile Fields'),
(469, 'UserModule', 'You may optionally enter a comparison operator (<b>&lt;</b>, <b>&lt;=</b>, <b>&gt;</b>, <b>&gt;=</b>, <b>&lt;&gt;</b> or <b>=</b>) at the beginning of each of your search values to specify how the comparison should be done.'),
(470, 'UserModule.user', 'You may optionally enter a comparison operator (<b>&lt;</b>, <b>&lt;=</b>, <b>&gt;</b>, <b>&gt;=</b>, <b>&lt;&gt;</b> or <b>=</b>) at the beginning of each of your search values to specify how the comparison should be done.'),
(471, 'UserModule', 'Advanced Search'),
(472, 'UserModule.user', 'Advanced Search'),
(473, 'UserModule', 'Variable name'),
(474, 'UserModule.user', 'Variable name'),
(475, 'UserModule', 'Title'),
(476, 'UserModule.user', 'Title'),
(477, 'UserModule', 'Field Type'),
(478, 'UserModule.user', 'Field Type'),
(479, 'UserModule', 'Field Size'),
(480, 'UserModule.user', 'Field Size'),
(481, 'UserModule', 'Field Size min'),
(482, 'UserModule.user', 'Field Size min'),
(483, 'UserModule', 'Required'),
(484, 'UserModule.user', 'Required'),
(485, 'UserModule', 'Match'),
(486, 'UserModule.user', 'Match'),
(487, 'UserModule', 'Range'),
(488, 'UserModule.user', 'Range'),
(489, 'UserModule', 'Error Message'),
(490, 'UserModule.user', 'Error Message'),
(491, 'UserModule', 'Other Validator'),
(492, 'UserModule.user', 'Other Validator'),
(493, 'UserModule', 'Default'),
(494, 'UserModule.user', 'Default'),
(495, 'UserModule', 'Widget'),
(496, 'UserModule.user', 'Widget'),
(497, 'UserModule', 'Widget parametrs'),
(498, 'UserModule.user', 'Widget parametrs'),
(499, 'UserModule', 'Position'),
(500, 'UserModule.user', 'Position'),
(501, 'UserModule', 'Visible'),
(502, 'UserModule.user', 'Visible'),
(503, 'UserModule', 'Variable name may consist of A-z, 0-9, underscores, begin with a letter.'),
(504, 'UserModule.user', 'Variable name may consist of A-z, 0-9, underscores, begin with a letter.'),
(505, 'UserModule', 'This field already exists.'),
(506, 'UserModule.user', 'This field already exists.'),
(507, 'UserModule', 'INTEGER'),
(508, 'UserModule.user', 'INTEGER'),
(509, 'UserModule', 'VARCHAR'),
(510, 'UserModule.user', 'VARCHAR'),
(511, 'UserModule', 'TEXT'),
(512, 'UserModule.user', 'TEXT'),
(513, 'UserModule', 'DATE'),
(514, 'UserModule.user', 'DATE'),
(515, 'UserModule', 'FLOAT'),
(516, 'UserModule.user', 'FLOAT'),
(517, 'UserModule', 'DECIMAL'),
(518, 'UserModule.user', 'DECIMAL'),
(519, 'UserModule', 'BOOL'),
(520, 'UserModule.user', 'BOOL'),
(521, 'UserModule', 'BLOB'),
(522, 'UserModule.user', 'BLOB'),
(523, 'UserModule', 'BINARY'),
(524, 'UserModule.user', 'BINARY'),
(525, 'UserModule', 'No, but show on registration form'),
(526, 'UserModule.user', 'No, but show on registration form'),
(527, 'UserModule', 'Yes and show on registration form'),
(528, 'UserModule.user', 'Yes and show on registration form'),
(529, 'UserModule', 'For all'),
(530, 'UserModule.user', 'For all'),
(531, 'UserModule', 'Registered users'),
(532, 'UserModule.user', 'Registered users'),
(533, 'UserModule', 'Only owner'),
(534, 'UserModule.user', 'Only owner'),
(535, 'UserModule', 'Hidden'),
(536, 'UserModule.user', 'Hidden'),
(537, 'UserModule', 'Search'),
(538, 'UserModule.user', 'Search'),
(539, 'UserModule', 'File field'),
(540, 'UserModule.user', 'File field'),
(541, 'UserModule', 'Upload path'),
(542, 'UserModule.user', 'Upload path'),
(543, 'UserModule', 'jQueryUI autocomplete'),
(544, 'UserModule.UWjuiAutoComplete', 'jQueryUI autocomplete'),
(545, 'UserModule', 'Model Name'),
(546, 'UserModule.UWjuiAutoComplete', 'Model Name'),
(547, 'UserModule', 'Lable field name'),
(548, 'UserModule.UWjuiAutoComplete', 'Lable field name'),
(549, 'UserModule', 'Empty item name'),
(550, 'UserModule.UWjuiAutoComplete', 'Empty item name'),
(551, 'UserModule', 'Empty item value'),
(552, 'UserModule.UWjuiAutoComplete', 'Empty item value'),
(553, 'UserModule', 'Profile model relation name'),
(554, 'UserModule.UWjuiAutoComplete', 'Profile model relation name'),
(555, 'UserModule', 'minimal start research length'),
(556, 'UserModule.UWjuiAutoComplete', 'minimal start research length'),
(557, 'UserModule', 'jQueryUI datepicker'),
(558, 'UserModule.user', 'jQueryUI datepicker'),
(559, 'UserModule', 'Date format'),
(560, 'UserModule.user', 'Date format'),
(561, 'UserModule', 'Relation Belongs To'),
(562, 'UserModule.UWrelBelongsTo', 'Relation Belongs To'),
(563, 'UserModule.UWrelBelongsTo', 'Model Name'),
(564, 'UserModule.UWrelBelongsTo', 'Lable field name'),
(565, 'UserModule.UWrelBelongsTo', 'Empty item name'),
(566, 'UserModule.UWrelBelongsTo', 'Profile model relation name'),
(567, 'UserModule', 'Save'),
(568, 'UserModule.user', 'Save'),
(569, 'UserModule', 'Cancel'),
(570, 'UserModule.user', 'Cancel'),
(571, 'UserModule', 'Show all'),
(572, 'UserModule.user', 'Show all'),
(573, 'user', 'varname'),
(574, 'UserModule', 'Allowed lowercase letters and digits.'),
(575, 'UserModule.user', 'Allowed lowercase letters and digits.'),
(576, 'user', 'title'),
(577, 'UserModule', 'Field name on the language of "sourceLanguage".'),
(578, 'UserModule.user', 'Field name on the language of "sourceLanguage".'),
(579, 'user', 'field_type'),
(580, 'UserModule', 'Field type column in the database.'),
(581, 'UserModule.user', 'Field type column in the database.'),
(582, 'user', 'field_size'),
(583, 'UserModule', 'Field size column in the database.'),
(584, 'UserModule.user', 'Field size column in the database.'),
(585, 'user', 'field_size_min'),
(586, 'UserModule', 'The minimum value of the field (form validator).'),
(587, 'UserModule.user', 'The minimum value of the field (form validator).'),
(588, 'user', 'required'),
(589, 'UserModule', 'Required field (form validator).'),
(590, 'UserModule.user', 'Required field (form validator).'),
(591, 'user', 'match'),
(592, 'UserModule', 'Regular expression (example: ''/^[A-Za-z0-9\\s,]+$/u'').'),
(593, 'UserModule.user', 'Regular expression (example: ''/^[A-Za-z0-9\\s,]+$/u'').'),
(594, 'user', 'range'),
(595, 'UserModule', 'Predefined values (example: 1;2;3;4;5 or 1==One;2==Two;3==Three;4==Four;5==Five).'),
(596, 'UserModule.user', 'Predefined values (example: 1;2;3;4;5 or 1==One;2==Two;3==Three;4==Four;5==Five).'),
(597, 'user', 'error_message'),
(598, 'UserModule', 'Error message when you validate the form.'),
(599, 'UserModule.user', 'Error message when you validate the form.'),
(600, 'user', 'other_validator'),
(601, 'UserModule', 'JSON string (example: {example}).'),
(602, 'UserModule.user', 'JSON string (example: {example}).'),
(603, 'user', 'default'),
(604, 'UserModule', 'The value of the default field (database).'),
(605, 'UserModule.user', 'The value of the default field (database).'),
(606, 'user', 'widget'),
(607, 'UserModule', 'Widget name.'),
(608, 'UserModule.user', 'Widget name.'),
(609, 'user', 'widgetparams'),
(610, 'user', 'position'),
(611, 'UserModule', 'Display order of fields.'),
(612, 'UserModule.user', 'Display order of fields.'),
(613, 'user', 'visible'),
(614, 'students', 'Add new'),
(615, 'message', 'View Message'),
(616, 'MessageModule.message', 'Reply'),
(617, 'message', 'subject'),
(618, 'message', 'Message'),
(619, 'students', 'Students List'),
(620, 'students', 'All Students Details'),
(621, 'students', 'Create New Student'),
(622, 'students', 'Manage Student Category'),
(623, 'students', 'Manage Students Category</span>'),
(624, 'students', 'List Guardians'),
(625, 'students', 'All Guardians Details'),
(626, 'students', 'Manage Student Categories'),
(627, 'students', 'Create New Category'),
(628, 'students', 'Are you sure you want to delete this student category?'),
(629, 'students', 'Delete Confirmation'),
(630, 'students', 'Delete'),
(631, 'students', 'Cancel');

--
-- Dumping data for table `tbl_timezone`
--

INSERT INTO `tbl_timezone` (`id`, `name`) VALUES
(2, 'Africa/Abidjan'),
(3, 'Africa/Accra'),
(4, 'Africa/Addis_Ababa'),
(5, 'Africa/Algiers'),
(6, 'Africa/Asmara'),
(7, 'Africa/Asmera'),
(8, 'Africa/Bamako'),
(9, 'Africa/Bangui'),
(10, 'Africa/Banjul'),
(11, 'Africa/Bissau'),
(12, 'Africa/Blantyre'),
(13, 'Africa/Brazzaville'),
(14, 'Africa/Bujumbura'),
(15, 'Africa/Cairo'),
(16, 'Africa/Casablanca'),
(17, 'Africa/Ceuta'),
(18, 'Africa/Conakry'),
(19, 'Africa/Dakar'),
(20, 'Africa/Dar_es_Salaam'),
(21, 'Africa/Djibouti'),
(22, 'Africa/Douala'),
(23, 'Africa/El_Aaiun'),
(24, 'Africa/Freetown'),
(25, 'Africa/Gaborone'),
(26, 'Africa/Harare'),
(27, 'Africa/Johannesburg'),
(28, 'Africa/Kampala'),
(29, 'Africa/Khartoum'),
(30, 'Africa/Kigali'),
(31, 'Africa/Kinshasa'),
(32, 'Africa/Lagos'),
(33, 'Africa/Libreville'),
(34, 'Africa/Lome'),
(35, 'Africa/Luanda'),
(36, 'Africa/Lubumbashi'),
(37, 'Africa/Lusaka'),
(38, 'Africa/Malabo'),
(39, 'Africa/Maputo'),
(40, 'Africa/Maseru'),
(41, 'Africa/Mbabane'),
(42, 'Africa/Mogadishu'),
(43, 'Africa/Monrovia'),
(44, 'Africa/Nairobi'),
(45, 'Africa/Ndjamena'),
(46, 'Africa/Niamey'),
(47, 'Africa/Nouakchott'),
(48, 'Africa/Ouagadougou'),
(49, 'Africa/Porto-Novo'),
(50, 'Africa/Sao_Tome'),
(51, 'Africa/Timbuktu'),
(52, 'Africa/Tripoli'),
(53, 'Africa/Tunis'),
(54, 'Africa/Windhoek'),
(55, 'America/Adak'),
(56, 'America/Anchorage'),
(57, 'America/Anguilla'),
(58, 'America/Antigua'),
(59, 'America/Araguaina'),
(60, 'America/Argentina/Buenos_Aires'),
(61, 'America/Argentina/Catamarca'),
(62, 'America/Argentina/ComodRivadavia'),
(63, 'America/Argentina/Cordoba'),
(64, 'America/Argentina/Jujuy'),
(65, 'America/Argentina/La_Rioja'),
(66, 'America/Argentina/Mendoza'),
(67, 'America/Argentina/Rio_Gallegos'),
(68, 'America/Argentina/Salta'),
(69, 'America/Argentina/San_Juan'),
(70, 'America/Argentina/San_Luis'),
(71, 'America/Argentina/Tucuman'),
(72, 'America/Argentina/Ushuaia'),
(73, 'America/Aruba'),
(74, 'America/Asuncion'),
(75, 'America/Atikokan'),
(76, 'America/Atka'),
(77, 'America/Bahia'),
(78, 'America/Bahia_Banderas'),
(79, 'America/Barbados'),
(80, 'America/Belem'),
(81, 'America/Belize'),
(82, 'America/Blanc-Sablon'),
(83, 'America/Boa_Vista'),
(84, 'America/Bogota'),
(85, 'America/Boise'),
(86, 'America/Buenos_Aires'),
(87, 'America/Cambridge_Bay'),
(88, 'America/Campo_Grande'),
(89, 'America/Cancun'),
(90, 'America/Caracas'),
(91, 'America/Catamarca'),
(92, 'America/Cayenne'),
(93, 'America/Cayman'),
(94, 'America/Chicago'),
(95, 'America/Chihuahua'),
(96, 'America/Coral_Harbour'),
(97, 'America/Cordoba'),
(98, 'America/Costa_Rica'),
(99, 'America/Cuiaba'),
(100, 'America/Curacao'),
(101, 'America/Danmarkshavn'),
(102, 'America/Dawson'),
(103, 'America/Dawson_Creek'),
(104, 'America/Denver'),
(105, 'America/Detroit'),
(106, 'America/Dominica'),
(107, 'America/Edmonton'),
(108, 'America/Eirunepe'),
(109, 'America/El_Salvador'),
(110, 'America/Ensenada'),
(111, 'America/Fortaleza'),
(112, 'America/Fort_Wayne'),
(113, 'America/Glace_Bay'),
(114, 'America/Godthab'),
(115, 'America/Goose_Bay'),
(116, 'America/Grand_Turk'),
(117, 'America/Grenada'),
(118, 'America/Guadeloupe'),
(119, 'America/Guatemala'),
(120, 'America/Guayaquil'),
(121, 'America/Guyana'),
(122, 'America/Halifax'),
(123, 'America/Havana'),
(124, 'America/Hermosillo'),
(125, 'America/Indiana/Indianapolis'),
(126, 'America/Indiana/Knox'),
(127, 'America/Indiana/Marengo'),
(128, 'America/Indiana/Petersburg'),
(129, 'America/Indianapolis'),
(130, 'America/Indiana/Tell_City'),
(131, 'America/Indiana/Vevay'),
(132, 'America/Indiana/Vincennes'),
(133, 'America/Indiana/Winamac'),
(134, 'America/Inuvik'),
(135, 'America/Iqaluit'),
(136, 'America/Jamaica'),
(137, 'America/Jujuy'),
(138, 'America/Juneau'),
(139, 'America/Kentucky/Louisville'),
(140, 'America/Kentucky/Monticello'),
(141, 'America/Knox_IN'),
(142, 'America/La_Paz'),
(143, 'America/Lima'),
(144, 'America/Los_Angeles'),
(145, 'America/Louisville'),
(146, 'America/Maceio'),
(147, 'America/Managua'),
(148, 'America/Manaus'),
(149, 'America/Marigot'),
(150, 'America/Martinique'),
(151, 'America/Matamoros'),
(152, 'America/Mazatlan'),
(153, 'America/Mendoza'),
(154, 'America/Menominee'),
(155, 'America/Merida'),
(156, 'America/Metlakatla'),
(157, 'America/Mexico_City'),
(158, 'America/Miquelon'),
(159, 'America/Moncton'),
(160, 'America/Monterrey'),
(161, 'America/Montevideo'),
(162, 'America/Montreal'),
(163, 'America/Montserrat'),
(164, 'America/Nassau'),
(165, 'America/New_York'),
(166, 'America/Nipigon'),
(167, 'America/Nome'),
(168, 'America/Noronha'),
(169, 'America/North_Dakota/Beulah'),
(170, 'America/North_Dakota/Center'),
(171, 'America/North_Dakota/New_Salem'),
(172, 'America/Ojinaga'),
(173, 'America/Panama'),
(174, 'America/Pangnirtung'),
(175, 'America/Paramaribo'),
(176, 'America/Phoenix'),
(177, 'America/Port-au-Prince'),
(178, 'America/Porto_Acre'),
(179, 'America/Port_of_Spain'),
(180, 'America/Porto_Velho'),
(181, 'America/Puerto_Rico'),
(182, 'America/Rainy_River'),
(183, 'America/Rankin_Inlet'),
(184, 'America/Recife'),
(185, 'America/Regina'),
(186, 'America/Resolute'),
(187, 'America/Rio_Branco'),
(188, 'America/Rosario'),
(189, 'America/Santa_Isabel'),
(190, 'America/Santarem'),
(191, 'America/Santiago'),
(192, 'America/Santo_Domingo'),
(193, 'America/Sao_Paulo'),
(194, 'America/Scoresbysund'),
(195, 'America/Shiprock'),
(196, 'America/Sitka'),
(197, 'America/St_Barthelemy'),
(198, 'America/St_Johns'),
(199, 'America/St_Kitts'),
(200, 'America/St_Lucia'),
(201, 'America/St_Thomas'),
(202, 'America/St_Vincent'),
(203, 'America/Swift_Current'),
(204, 'America/Tegucigalpa'),
(205, 'America/Thule'),
(206, 'America/Thunder_Bay'),
(207, 'America/Tijuana'),
(208, 'America/Toronto'),
(209, 'America/Tortola'),
(210, 'America/Vancouver'),
(211, 'America/Virgin'),
(212, 'America/Whitehorse'),
(213, 'America/Winnipeg'),
(214, 'America/Yakutat'),
(215, 'America/Yellowknife'),
(216, 'Antarctica/Casey'),
(217, 'Antarctica/Davis'),
(218, 'Antarctica/DumontDUrville'),
(219, 'Antarctica/Macquarie'),
(220, 'Antarctica/Mawson'),
(221, 'Antarctica/McMurdo'),
(222, 'Antarctica/Palmer'),
(223, 'Antarctica/Rothera'),
(224, 'Antarctica/South_Pole'),
(225, 'Antarctica/Syowa'),
(226, 'Antarctica/Vostok'),
(227, 'Arctic/Longyearbyen'),
(228, 'Asia/Aden'),
(229, 'Asia/Almaty'),
(230, 'Asia/Amman'),
(231, 'Asia/Anadyr'),
(232, 'Asia/Aqtau'),
(233, 'Asia/Aqtobe'),
(234, 'Asia/Ashgabat'),
(235, 'Asia/Ashkhabad'),
(236, 'Asia/Baghdad'),
(237, 'Asia/Bahrain'),
(238, 'Asia/Baku'),
(239, 'Asia/Bangkok'),
(240, 'Asia/Beirut'),
(241, 'Asia/Bishkek'),
(242, 'Asia/Brunei'),
(243, 'Asia/Calcutta'),
(244, 'Asia/Choibalsan'),
(245, 'Asia/Chongqing'),
(246, 'Asia/Chungking'),
(247, 'Asia/Colombo'),
(248, 'Asia/Dacca'),
(249, 'Asia/Damascus'),
(250, 'Asia/Dhaka'),
(251, 'Asia/Dili'),
(252, 'Asia/Dubai'),
(253, 'Asia/Dushanbe'),
(254, 'Asia/Gaza'),
(255, 'Asia/Harbin'),
(256, 'Asia/Ho_Chi_Minh'),
(257, 'Asia/Hong_Kong'),
(258, 'Asia/Hovd'),
(259, 'Asia/Irkutsk'),
(260, 'Asia/Istanbul'),
(261, 'Asia/Jakarta'),
(262, 'Asia/Jayapura'),
(263, 'Asia/Jerusalem'),
(264, 'Asia/Kabul'),
(265, 'Asia/Kamchatka'),
(266, 'Asia/Karachi'),
(267, 'Asia/Kashgar'),
(268, 'Asia/Kathmandu'),
(269, 'Asia/Katmandu'),
(270, 'Asia/Kolkata'),
(271, 'Asia/Krasnoyarsk'),
(272, 'Asia/Kuala_Lumpur'),
(273, 'Asia/Kuching'),
(274, 'Asia/Kuwait'),
(275, 'Asia/Macao'),
(276, 'Asia/Macau'),
(277, 'Asia/Magadan'),
(278, 'Asia/Makassar'),
(279, 'Asia/Manila'),
(280, 'Asia/Muscat'),
(281, 'Asia/Nicosia'),
(282, 'Asia/Novokuznetsk'),
(283, 'Asia/Novosibirsk'),
(284, 'Asia/Omsk'),
(285, 'Asia/Oral'),
(286, 'Asia/Phnom_Penh'),
(287, 'Asia/Pontianak'),
(288, 'Asia/Pyongyang'),
(289, 'Asia/Qatar'),
(290, 'Asia/Qyzylorda'),
(291, 'Asia/Rangoon'),
(292, 'Asia/Riyadh'),
(293, 'Asia/Saigon'),
(294, 'Asia/Sakhalin'),
(295, 'Asia/Samarkand'),
(296, 'Asia/Seoul'),
(297, 'Asia/Shanghai'),
(298, 'Asia/Singapore'),
(299, 'Asia/Taipei'),
(300, 'Asia/Tashkent'),
(301, 'Asia/Tbilisi'),
(302, 'Asia/Tehran'),
(303, 'Asia/Tel_Aviv'),
(304, 'Asia/Thimbu'),
(305, 'Asia/Thimphu'),
(306, 'Asia/Tokyo'),
(307, 'Asia/Ujung_Pandang'),
(308, 'Asia/Ulaanbaatar'),
(309, 'Asia/Ulan_Bator'),
(310, 'Asia/Urumqi'),
(311, 'Asia/Vientiane'),
(312, 'Asia/Vladivostok'),
(313, 'Asia/Yakutsk'),
(314, 'Asia/Yekaterinburg'),
(315, 'Asia/Yerevan'),
(316, 'Atlantic/Azores'),
(317, 'Atlantic/Bermuda'),
(318, 'Atlantic/Canary'),
(319, 'Atlantic/Cape_Verde'),
(320, 'Atlantic/Faeroe'),
(321, 'Atlantic/Faroe'),
(322, 'Atlantic/Jan_Mayen'),
(323, 'Atlantic/Madeira'),
(324, 'Atlantic/Reykjavik'),
(325, 'Atlantic/South_Georgia'),
(326, 'Atlantic/Stanley'),
(327, 'Atlantic/St_Helena'),
(328, 'Australia/ACT'),
(329, 'Australia/Adelaide'),
(330, 'Australia/Brisbane'),
(331, 'Australia/Broken_Hill'),
(332, 'Australia/Canberra'),
(333, 'Australia/Currie'),
(334, 'Australia/Darwin'),
(335, 'Australia/Eucla'),
(336, 'Australia/Hobart'),
(337, 'Australia/LHI'),
(338, 'Australia/Lindeman'),
(339, 'Australia/Lord_Howe'),
(340, 'Australia/Melbourne'),
(341, 'Australia/North'),
(342, 'Australia/NSW'),
(343, 'Australia/Perth'),
(344, 'Australia/Queensland'),
(345, 'Australia/South'),
(346, 'Australia/Sydney'),
(347, 'Australia/Tasmania'),
(348, 'Australia/Victoria'),
(349, 'Australia/West'),
(350, 'Australia/Yancowinna'),
(351, 'Europe/Amsterdam'),
(352, 'Europe/Andorra'),
(353, 'Europe/Athens'),
(354, 'Europe/Belfast'),
(355, 'Europe/Belgrade'),
(356, 'Europe/Berlin'),
(357, 'Europe/Bratislava'),
(358, 'Europe/Brussels'),
(359, 'Europe/Bucharest'),
(360, 'Europe/Budapest'),
(361, 'Europe/Chisinau'),
(362, 'Europe/Copenhagen'),
(363, 'Europe/Dublin'),
(364, 'Europe/Gibraltar'),
(365, 'Europe/Guernsey'),
(366, 'Europe/Helsinki'),
(367, 'Europe/Isle_of_Man'),
(368, 'Europe/Istanbul'),
(369, 'Europe/Jersey'),
(370, 'Europe/Kaliningrad'),
(371, 'Europe/Kiev'),
(372, 'Europe/Lisbon'),
(373, 'Europe/Ljubljana'),
(374, 'Europe/London'),
(375, 'Europe/Luxembourg'),
(376, 'Europe/Madrid'),
(377, 'Europe/Malta'),
(378, 'Europe/Mariehamn'),
(379, 'Europe/Minsk'),
(380, 'Europe/Monaco'),
(381, 'Europe/Moscow'),
(382, 'Europe/Nicosia'),
(383, 'Europe/Oslo'),
(384, 'Europe/Paris'),
(385, 'Europe/Podgorica'),
(386, 'Europe/Prague'),
(387, 'Europe/Riga'),
(388, 'Europe/Rome'),
(389, 'Europe/Samara'),
(390, 'Europe/San_Marino'),
(391, 'Europe/Sarajevo'),
(392, 'Europe/Simferopol'),
(393, 'Europe/Skopje'),
(394, 'Europe/Sofia'),
(395, 'Europe/Stockholm'),
(396, 'Europe/Tallinn'),
(397, 'Europe/Tirane'),
(398, 'Europe/Tiraspol'),
(399, 'Europe/Uzhgorod'),
(400, 'Europe/Vaduz'),
(401, 'Europe/Vatican'),
(402, 'Europe/Vienna'),
(403, 'Europe/Vilnius'),
(404, 'Europe/Volgograd'),
(405, 'Europe/Warsaw'),
(406, 'Europe/Zagreb'),
(407, 'Europe/Zaporozhye'),
(408, 'Europe/Zurich'),
(409, 'Indian/Antananarivo'),
(410, 'Indian/Chagos'),
(411, 'Indian/Christmas'),
(412, 'Indian/Cocos'),
(413, 'Indian/Comoro'),
(414, 'Indian/Kerguelen'),
(415, 'Indian/Mahe'),
(416, 'Indian/Maldives'),
(417, 'Indian/Mauritius'),
(418, 'Indian/Mayotte'),
(419, 'Indian/Reunion'),
(420, 'Pacific/Apia'),
(421, 'Pacific/Auckland'),
(422, 'Pacific/Chatham'),
(423, 'Pacific/Chuuk'),
(424, 'Pacific/Easter'),
(425, 'Pacific/Efate'),
(426, 'Pacific/Enderbury'),
(427, 'Pacific/Fakaofo'),
(428, 'Pacific/Fiji'),
(429, 'Pacific/Funafuti'),
(430, 'Pacific/Galapagos'),
(431, 'Pacific/Gambier'),
(432, 'Pacific/Guadalcanal'),
(433, 'Pacific/Guam'),
(434, 'Pacific/Honolulu'),
(435, 'Pacific/Johnston'),
(436, 'Pacific/Kiritimati'),
(437, 'Pacific/Kosrae'),
(438, 'Pacific/Kwajalein'),
(439, 'Pacific/Majuro'),
(440, 'Pacific/Marquesas'),
(441, 'Pacific/Midway'),
(442, 'Pacific/Nauru'),
(443, 'Pacific/Niue'),
(444, 'Pacific/Norfolk'),
(445, 'Pacific/Noumea'),
(446, 'Pacific/Pago_Pago'),
(447, 'Pacific/Palau'),
(448, 'Pacific/Pitcairn'),
(449, 'Pacific/Pohnpei'),
(450, 'Pacific/Ponape'),
(451, 'Pacific/Port_Moresby'),
(452, 'Pacific/Rarotonga'),
(453, 'Pacific/Saipan'),
(454, 'Pacific/Samoa'),
(455, 'Pacific/Tahiti'),
(456, 'Pacific/Tarawa'),
(457, 'Pacific/Tongatapu'),
(458, 'Pacific/Truk'),
(459, 'Pacific/Wake'),
(460, 'Pacific/Wallis'),
(461, 'Pacific/Yap');

--
-- Dumping data for table `timezone`
--

INSERT INTO `timezone` (`id`, `timezone`) VALUES
(2, 'Africa/Abidjan'),
(3, 'Africa/Accra'),
(4, 'Africa/Addis_Ababa'),
(5, 'Africa/Algiers'),
(6, 'Africa/Asmara'),
(7, 'Africa/Asmera'),
(8, 'Africa/Bamako'),
(9, 'Africa/Bangui'),
(10, 'Africa/Banjul'),
(11, 'Africa/Bissau'),
(12, 'Africa/Blantyre'),
(13, 'Africa/Brazzaville'),
(14, 'Africa/Bujumbura'),
(15, 'Africa/Cairo'),
(16, 'Africa/Casablanca'),
(17, 'Africa/Ceuta'),
(18, 'Africa/Conakry'),
(19, 'Africa/Dakar'),
(20, 'Africa/Dar_es_Salaam'),
(21, 'Africa/Djibouti'),
(22, 'Africa/Douala'),
(23, 'Africa/El_Aaiun'),
(24, 'Africa/Freetown'),
(25, 'Africa/Gaborone'),
(26, 'Africa/Harare'),
(27, 'Africa/Johannesburg'),
(28, 'Africa/Kampala'),
(29, 'Africa/Khartoum'),
(30, 'Africa/Kigali'),
(31, 'Africa/Kinshasa'),
(32, 'Africa/Lagos'),
(33, 'Africa/Libreville'),
(34, 'Africa/Lome'),
(35, 'Africa/Luanda'),
(36, 'Africa/Lubumbashi'),
(37, 'Africa/Lusaka'),
(38, 'Africa/Malabo'),
(39, 'Africa/Maputo'),
(40, 'Africa/Maseru'),
(41, 'Africa/Mbabane'),
(42, 'Africa/Mogadishu'),
(43, 'Africa/Monrovia'),
(44, 'Africa/Nairobi'),
(45, 'Africa/Ndjamena'),
(46, 'Africa/Niamey'),
(47, 'Africa/Nouakchott'),
(48, 'Africa/Ouagadougou'),
(49, 'Africa/Porto-Novo'),
(50, 'Africa/Sao_Tome'),
(51, 'Africa/Timbuktu'),
(52, 'Africa/Tripoli'),
(53, 'Africa/Tunis'),
(54, 'Africa/Windhoek'),
(55, 'America/Adak'),
(56, 'America/Anchorage'),
(57, 'America/Anguilla'),
(58, 'America/Antigua'),
(59, 'America/Araguaina'),
(60, 'America/Argentina/Buenos_Aires'),
(61, 'America/Argentina/Catamarca'),
(62, 'America/Argentina/ComodRivadavia'),
(63, 'America/Argentina/Cordoba'),
(64, 'America/Argentina/Jujuy'),
(65, 'America/Argentina/La_Rioja'),
(66, 'America/Argentina/Mendoza'),
(67, 'America/Argentina/Rio_Gallegos'),
(68, 'America/Argentina/Salta'),
(69, 'America/Argentina/San_Juan'),
(70, 'America/Argentina/San_Luis'),
(71, 'America/Argentina/Tucuman'),
(72, 'America/Argentina/Ushuaia'),
(73, 'America/Aruba'),
(74, 'America/Asuncion'),
(75, 'America/Atikokan'),
(76, 'America/Atka'),
(77, 'America/Bahia'),
(78, 'America/Bahia_Banderas'),
(79, 'America/Barbados'),
(80, 'America/Belem'),
(81, 'America/Belize'),
(82, 'America/Blanc-Sablon'),
(83, 'America/Boa_Vista'),
(84, 'America/Bogota'),
(85, 'America/Boise'),
(86, 'America/Buenos_Aires'),
(87, 'America/Cambridge_Bay'),
(88, 'America/Campo_Grande'),
(89, 'America/Cancun'),
(90, 'America/Caracas'),
(91, 'America/Catamarca'),
(92, 'America/Cayenne'),
(93, 'America/Cayman'),
(94, 'America/Chicago'),
(95, 'America/Chihuahua'),
(96, 'America/Coral_Harbour'),
(97, 'America/Cordoba'),
(98, 'America/Costa_Rica'),
(99, 'America/Cuiaba'),
(100, 'America/Curacao'),
(101, 'America/Danmarkshavn'),
(102, 'America/Dawson'),
(103, 'America/Dawson_Creek'),
(104, 'America/Denver'),
(105, 'America/Detroit'),
(106, 'America/Dominica'),
(107, 'America/Edmonton'),
(108, 'America/Eirunepe'),
(109, 'America/El_Salvador'),
(110, 'America/Ensenada'),
(111, 'America/Fortaleza'),
(112, 'America/Fort_Wayne'),
(113, 'America/Glace_Bay'),
(114, 'America/Godthab'),
(115, 'America/Goose_Bay'),
(116, 'America/Grand_Turk'),
(117, 'America/Grenada'),
(118, 'America/Guadeloupe'),
(119, 'America/Guatemala'),
(120, 'America/Guayaquil'),
(121, 'America/Guyana'),
(122, 'America/Halifax'),
(123, 'America/Havana'),
(124, 'America/Hermosillo'),
(125, 'America/Indiana/Indianapolis'),
(126, 'America/Indiana/Knox'),
(127, 'America/Indiana/Marengo'),
(128, 'America/Indiana/Petersburg'),
(129, 'America/Indianapolis'),
(130, 'America/Indiana/Tell_City'),
(131, 'America/Indiana/Vevay'),
(132, 'America/Indiana/Vincennes'),
(133, 'America/Indiana/Winamac'),
(134, 'America/Inuvik'),
(135, 'America/Iqaluit'),
(136, 'America/Jamaica'),
(137, 'America/Jujuy'),
(138, 'America/Juneau'),
(139, 'America/Kentucky/Louisville'),
(140, 'America/Kentucky/Monticello'),
(141, 'America/Knox_IN'),
(142, 'America/La_Paz'),
(143, 'America/Lima'),
(144, 'America/Los_Angeles'),
(145, 'America/Louisville'),
(146, 'America/Maceio'),
(147, 'America/Managua'),
(148, 'America/Manaus'),
(149, 'America/Marigot'),
(150, 'America/Martinique'),
(151, 'America/Matamoros'),
(152, 'America/Mazatlan'),
(153, 'America/Mendoza'),
(154, 'America/Menominee'),
(155, 'America/Merida'),
(156, 'America/Metlakatla'),
(157, 'America/Mexico_City'),
(158, 'America/Miquelon'),
(159, 'America/Moncton'),
(160, 'America/Monterrey'),
(161, 'America/Montevideo'),
(162, 'America/Montreal'),
(163, 'America/Montserrat'),
(164, 'America/Nassau'),
(165, 'America/New_York'),
(166, 'America/Nipigon'),
(167, 'America/Nome'),
(168, 'America/Noronha'),
(169, 'America/North_Dakota/Beulah'),
(170, 'America/North_Dakota/Center'),
(171, 'America/North_Dakota/New_Salem'),
(172, 'America/Ojinaga'),
(173, 'America/Panama'),
(174, 'America/Pangnirtung'),
(175, 'America/Paramaribo'),
(176, 'America/Phoenix'),
(177, 'America/Port-au-Prince'),
(178, 'America/Porto_Acre'),
(179, 'America/Port_of_Spain'),
(180, 'America/Porto_Velho'),
(181, 'America/Puerto_Rico'),
(182, 'America/Rainy_River'),
(183, 'America/Rankin_Inlet'),
(184, 'America/Recife'),
(185, 'America/Regina'),
(186, 'America/Resolute'),
(187, 'America/Rio_Branco'),
(188, 'America/Rosario'),
(189, 'America/Santa_Isabel'),
(190, 'America/Santarem'),
(191, 'America/Santiago'),
(192, 'America/Santo_Domingo'),
(193, 'America/Sao_Paulo'),
(194, 'America/Scoresbysund'),
(195, 'America/Shiprock'),
(196, 'America/Sitka'),
(197, 'America/St_Barthelemy'),
(198, 'America/St_Johns'),
(199, 'America/St_Kitts'),
(200, 'America/St_Lucia'),
(201, 'America/St_Thomas'),
(202, 'America/St_Vincent'),
(203, 'America/Swift_Current'),
(204, 'America/Tegucigalpa'),
(205, 'America/Thule'),
(206, 'America/Thunder_Bay'),
(207, 'America/Tijuana'),
(208, 'America/Toronto'),
(209, 'America/Tortola'),
(210, 'America/Vancouver'),
(211, 'America/Virgin'),
(212, 'America/Whitehorse'),
(213, 'America/Winnipeg'),
(214, 'America/Yakutat'),
(215, 'America/Yellowknife'),
(216, 'Antarctica/Casey'),
(217, 'Antarctica/Davis'),
(218, 'Antarctica/DumontDUrville'),
(219, 'Antarctica/Macquarie'),
(220, 'Antarctica/Mawson'),
(221, 'Antarctica/McMurdo'),
(222, 'Antarctica/Palmer'),
(223, 'Antarctica/Rothera'),
(224, 'Antarctica/South_Pole'),
(225, 'Antarctica/Syowa'),
(226, 'Antarctica/Vostok'),
(227, 'Arctic/Longyearbyen'),
(228, 'Asia/Aden'),
(229, 'Asia/Almaty'),
(230, 'Asia/Amman'),
(231, 'Asia/Anadyr'),
(232, 'Asia/Aqtau'),
(233, 'Asia/Aqtobe'),
(234, 'Asia/Ashgabat'),
(235, 'Asia/Ashkhabad'),
(236, 'Asia/Baghdad'),
(237, 'Asia/Bahrain'),
(238, 'Asia/Baku'),
(239, 'Asia/Bangkok'),
(240, 'Asia/Beirut'),
(241, 'Asia/Bishkek'),
(242, 'Asia/Brunei'),
(243, 'Asia/Calcutta'),
(244, 'Asia/Choibalsan'),
(245, 'Asia/Chongqing'),
(246, 'Asia/Chungking'),
(247, 'Asia/Colombo'),
(248, 'Asia/Dacca'),
(249, 'Asia/Damascus'),
(250, 'Asia/Dhaka'),
(251, 'Asia/Dili'),
(252, 'Asia/Dubai'),
(253, 'Asia/Dushanbe'),
(254, 'Asia/Gaza'),
(255, 'Asia/Harbin'),
(256, 'Asia/Ho_Chi_Minh'),
(257, 'Asia/Hong_Kong'),
(258, 'Asia/Hovd'),
(259, 'Asia/Irkutsk'),
(260, 'Asia/Istanbul'),
(261, 'Asia/Jakarta'),
(262, 'Asia/Jayapura'),
(263, 'Asia/Jerusalem'),
(264, 'Asia/Kabul'),
(265, 'Asia/Kamchatka'),
(266, 'Asia/Karachi'),
(267, 'Asia/Kashgar'),
(268, 'Asia/Kathmandu'),
(269, 'Asia/Katmandu'),
(270, 'Asia/Kolkata'),
(271, 'Asia/Krasnoyarsk'),
(272, 'Asia/Kuala_Lumpur'),
(273, 'Asia/Kuching'),
(274, 'Asia/Kuwait'),
(275, 'Asia/Macao'),
(276, 'Asia/Macau'),
(277, 'Asia/Magadan'),
(278, 'Asia/Makassar'),
(279, 'Asia/Manila'),
(280, 'Asia/Muscat'),
(281, 'Asia/Nicosia'),
(282, 'Asia/Novokuznetsk'),
(283, 'Asia/Novosibirsk'),
(284, 'Asia/Omsk'),
(285, 'Asia/Oral'),
(286, 'Asia/Phnom_Penh'),
(287, 'Asia/Pontianak'),
(288, 'Asia/Pyongyang'),
(289, 'Asia/Qatar'),
(290, 'Asia/Qyzylorda'),
(291, 'Asia/Rangoon'),
(292, 'Asia/Riyadh'),
(293, 'Asia/Saigon'),
(294, 'Asia/Sakhalin'),
(295, 'Asia/Samarkand'),
(296, 'Asia/Seoul'),
(297, 'Asia/Shanghai'),
(298, 'Asia/Singapore'),
(299, 'Asia/Taipei'),
(300, 'Asia/Tashkent'),
(301, 'Asia/Tbilisi'),
(302, 'Asia/Tehran'),
(303, 'Asia/Tel_Aviv'),
(304, 'Asia/Thimbu'),
(305, 'Asia/Thimphu'),
(306, 'Asia/Tokyo'),
(307, 'Asia/Ujung_Pandang'),
(308, 'Asia/Ulaanbaatar'),
(309, 'Asia/Ulan_Bator'),
(310, 'Asia/Urumqi'),
(311, 'Asia/Vientiane'),
(312, 'Asia/Vladivostok'),
(313, 'Asia/Yakutsk'),
(314, 'Asia/Yekaterinburg'),
(315, 'Asia/Yerevan'),
(316, 'Atlantic/Azores'),
(317, 'Atlantic/Bermuda'),
(318, 'Atlantic/Canary'),
(319, 'Atlantic/Cape_Verde'),
(320, 'Atlantic/Faeroe'),
(321, 'Atlantic/Faroe'),
(322, 'Atlantic/Jan_Mayen'),
(323, 'Atlantic/Madeira'),
(324, 'Atlantic/Reykjavik'),
(325, 'Atlantic/South_Georgia'),
(326, 'Atlantic/Stanley'),
(327, 'Atlantic/St_Helena'),
(328, 'Australia/ACT'),
(329, 'Australia/Adelaide'),
(330, 'Australia/Brisbane'),
(331, 'Australia/Broken_Hill'),
(332, 'Australia/Canberra'),
(333, 'Australia/Currie'),
(334, 'Australia/Darwin'),
(335, 'Australia/Eucla'),
(336, 'Australia/Hobart'),
(337, 'Australia/LHI'),
(338, 'Australia/Lindeman'),
(339, 'Australia/Lord_Howe'),
(340, 'Australia/Melbourne'),
(341, 'Australia/North'),
(342, 'Australia/NSW'),
(343, 'Australia/Perth'),
(344, 'Australia/Queensland'),
(345, 'Australia/South'),
(346, 'Australia/Sydney'),
(347, 'Australia/Tasmania'),
(348, 'Australia/Victoria'),
(349, 'Australia/West'),
(350, 'Australia/Yancowinna'),
(351, 'Europe/Amsterdam'),
(352, 'Europe/Andorra'),
(353, 'Europe/Athens'),
(354, 'Europe/Belfast'),
(355, 'Europe/Belgrade'),
(356, 'Europe/Berlin'),
(357, 'Europe/Bratislava'),
(358, 'Europe/Brussels'),
(359, 'Europe/Bucharest'),
(360, 'Europe/Budapest'),
(361, 'Europe/Chisinau'),
(362, 'Europe/Copenhagen'),
(363, 'Europe/Dublin'),
(364, 'Europe/Gibraltar'),
(365, 'Europe/Guernsey'),
(366, 'Europe/Helsinki'),
(367, 'Europe/Isle_of_Man'),
(368, 'Europe/Istanbul'),
(369, 'Europe/Jersey'),
(370, 'Europe/Kaliningrad'),
(371, 'Europe/Kiev'),
(372, 'Europe/Lisbon'),
(373, 'Europe/Ljubljana'),
(374, 'Europe/London'),
(375, 'Europe/Luxembourg'),
(376, 'Europe/Madrid'),
(377, 'Europe/Malta'),
(378, 'Europe/Mariehamn'),
(379, 'Europe/Minsk'),
(380, 'Europe/Monaco'),
(381, 'Europe/Moscow'),
(382, 'Europe/Nicosia'),
(383, 'Europe/Oslo'),
(384, 'Europe/Paris'),
(385, 'Europe/Podgorica'),
(386, 'Europe/Prague'),
(387, 'Europe/Riga'),
(388, 'Europe/Rome'),
(389, 'Europe/Samara'),
(390, 'Europe/San_Marino'),
(391, 'Europe/Sarajevo'),
(392, 'Europe/Simferopol'),
(393, 'Europe/Skopje'),
(394, 'Europe/Sofia'),
(395, 'Europe/Stockholm'),
(396, 'Europe/Tallinn'),
(397, 'Europe/Tirane'),
(398, 'Europe/Tiraspol'),
(399, 'Europe/Uzhgorod'),
(400, 'Europe/Vaduz'),
(401, 'Europe/Vatican'),
(402, 'Europe/Vienna'),
(403, 'Europe/Vilnius'),
(404, 'Europe/Volgograd'),
(405, 'Europe/Warsaw'),
(406, 'Europe/Zagreb'),
(407, 'Europe/Zaporozhye'),
(408, 'Europe/Zurich'),
(409, 'Indian/Antananarivo'),
(410, 'Indian/Chagos'),
(411, 'Indian/Christmas'),
(412, 'Indian/Cocos'),
(413, 'Indian/Comoro'),
(414, 'Indian/Kerguelen'),
(415, 'Indian/Mahe'),
(416, 'Indian/Maldives'),
(417, 'Indian/Mauritius'),
(418, 'Indian/Mayotte'),
(419, 'Indian/Reunion'),
(420, 'Pacific/Apia'),
(421, 'Pacific/Auckland'),
(422, 'Pacific/Chatham'),
(423, 'Pacific/Chuuk'),
(424, 'Pacific/Easter'),
(425, 'Pacific/Efate'),
(426, 'Pacific/Enderbury'),
(427, 'Pacific/Fakaofo'),
(428, 'Pacific/Fiji'),
(429, 'Pacific/Funafuti'),
(430, 'Pacific/Galapagos'),
(431, 'Pacific/Gambier'),
(432, 'Pacific/Guadalcanal'),
(433, 'Pacific/Guam'),
(434, 'Pacific/Honolulu'),
(435, 'Pacific/Johnston'),
(436, 'Pacific/Kiritimati'),
(437, 'Pacific/Kosrae'),
(438, 'Pacific/Kwajalein'),
(439, 'Pacific/Majuro'),
(440, 'Pacific/Marquesas'),
(441, 'Pacific/Midway'),
(442, 'Pacific/Nauru'),
(443, 'Pacific/Niue'),
(444, 'Pacific/Norfolk'),
(445, 'Pacific/Noumea'),
(446, 'Pacific/Pago_Pago'),
(447, 'Pacific/Palau'),
(448, 'Pacific/Pitcairn'),
(449, 'Pacific/Pohnpei'),
(450, 'Pacific/Ponape'),
(451, 'Pacific/Port_Moresby'),
(452, 'Pacific/Rarotonga'),
(453, 'Pacific/Saipan'),
(454, 'Pacific/Samoa'),
(455, 'Pacific/Tahiti'),
(456, 'Pacific/Tarawa'),
(457, 'Pacific/Tongatapu'),
(458, 'Pacific/Truk'),
(459, 'Pacific/Wake'),
(460, 'Pacific/Wallis'),
(461, 'Pacific/Yap');

--
-- Dumping data for table `users`
--

INSERT INTO `users` (`id`, `username`, `password`, `email`, `activkey`, `create_at`, `lastvisit_at`, `superuser`, `status`) VALUES
(1, 'admin', '21232f297a57a5a743894a0e4a801fc3', 'webmaster@example.com', 'e7871af5d72d5a4ec0e2e398133579dc', '2012-10-04 02:29:24', '2013-01-03 04:57:52', 1, 1);

--
-- Dumping data for table `user_settings`
--

INSERT INTO `user_settings` (`id`, `user_id`, `dateformat`, `displaydate`, `timezone`, `timeformat`, `name_format`, `language`) VALUES
(1, '1', 'M d.yy', 'M d.Y', '243', 'h:i A', 'Firstname,middlename, Lastname', 'en_us');

--
-- Dumping data for table `vacate`
--

INSERT INTO `vacate` (`id`, `student_id`, `room_no`, `allot_id`, `status`, `admit_date`, `vacate_date`) VALUES
(1, 5, '1', '1', 'C', '0000-00-00', '2012-12-26'),
(2, 5, '2', '4', 'C', '0000-00-00', '2012-12-26');

--
-- Dumping data for table `weekdays`
--

INSERT INTO `weekdays` (`id`, `batch_id`, `weekday`) VALUES
(190, NULL, '0'),
(191, NULL, '2'),
(192, NULL, '3'),
(193, NULL, '4'),
(194, NULL, '5'),
(195, NULL, '6'),
(196, NULL, '0');

/*!40101 SET CHARACTER_SET_CLIENT=@OLD_CHARACTER_SET_CLIENT */;
/*!40101 SET CHARACTER_SET_RESULTS=@OLD_CHARACTER_SET_RESULTS */;
/*!40101 SET COLLATION_CONNECTION=@OLD_COLLATION_CONNECTION */;
